system,seed,iteration,E_total,n_atoms,dE_per_atom,dZ,B_contact_frac
febmgo,seed_0,10,-430.36384082438605,78,0.3211348376324886,0.11538074924657238,0.0
febmgo,seed_0,11,-436.29928250140523,78,0.24503943151685803,0.3198599791492036,0.0
febmgo,seed_0,12,-410.45555730273395,78,0.5763692417562334,2.8165035836931,0.0
febmgo,seed_0,13,-433.03758698075325,78,0.28685604075598603,2.274616868705131,0.0
febmgo,seed_0,14,-428.63576894660764,78,0.3432896052963143,1.8883971410180305,0.0
febmgo,seed_0,15,-433.93647846916554,78,0.2753317909045464,0.031855867598437726,0.0
febmgo,seed_0,16,-434.4900304827674,78,0.2682349702173431,0.05333851137335088,0.0
febmgo,seed_0,17,-428.2462114010399,78,0.3482839328035932,0.037619303475757704,0.0
febmgo,seed_0,18,-423.65481602757427,78,0.4071479760531524,0.0294364665873168,0.0
febmgo,seed_0,19,-431.7168432166754,78,0.3037886531159586,0.6987659482371953,0.0
febmgo,seed_0,20,-434.19965239648053,78,0.2719577661953798,0.07714282857459942,0.0
febmgo,seed_0,21,-438.82582175311984,78,0.21264790264872202,0.04871468729485784,0.0
febmgo,seed_0,22,-440.31448764792844,78,0.19356244245886808,0.007832069848639378,0.0
febmgo,seed_0,23,-431.8477574272084,78,0.3021102658014325,0.3192690500260156,0.0
febmgo,seed_0,24,-439.20171813449775,78,0.2078287182720821,0.036335463119044675,0.0
febmgo,seed_0,25,-434.3378185721422,78,0.27018640496894786,0.5220833765204222,0.0
febmgo,seed_0,26,-439.589473942244,78,0.20285748996764288,1.0991842520227415,0.0
febmgo,seed_0,27,-437.3635779388371,78,0.23139461821644913,1.1145239434637695,0.0
febmgo,seed_0,28,-437.9256116121496,78,0.22418905830218633,2.023040264189609,0.0
febmgo,seed_0,29,-440.46239358222056,78,0.19166621253204616,1.353978871029648,0.0
febmgo,seed_0,30,-440.98429047977277,78,0.18497522666599217,0.35112425521698043,0.0
febmgo,seed_0,31,-444.67959796491607,78,0.13759948967697547,1.9232215774643429,0.3333333333333333
febmgo,seed_0,32,-428.484521357398,78,0.34522867695284787,2.281913478856822,0.0
febmgo,seed_0,33,-445.1866835194949,78,0.13109839282340047,1.9792881281578012,0.0
febmgo,seed_0,34,-443.64062113858733,78,0.15091970539913874,2.7434465036668563,0.3333333333333333
febmgo,seed_0,35,-441.26192830227046,78,0.1814157674032012,1.5312840759314774,0.0
febmgo,seed_0,36,-444.1059045604459,78,0.1449545333240292,2.380462654616103,0.0
febmgo,seed_0,37,-440.6662292075106,78,0.18905293528473813,3.136176307954008,0.0
febmgo,seed_0,38,-440.91905637122863,78,0.18581156139091695,1.516057193135028,0.0
febmgo,seed_0,39,-443.6682702033595,78,0.15056523020975204,2.0996039152235415,0.3333333333333333
febmgo,seed_0,40,-442.4945889362898,78,0.16561242594141481,2.951752860824996,0.0
febmgo,seed_0,41,-446.20324756426095,78,0.11806552045460524,2.397014153207815,0.0
febmgo,seed_0,42,-443.3115659375668,78,0.15513836182247895,2.551589188031963,0.0
febmgo,seed_0,43,-443.93682059514623,78,0.1471222764688965,2.232061354385902,0.0
febmgo,seed_0,44,-444.97822592596356,78,0.13377092607380256,2.515062544302541,0.0
febmgo,seed_0,45,-444.3502440599776,78,0.14182197563772475,2.924564422245467,0.0
febmgo,seed_0,46,-445.3271934775952,78,0.12929698310416626,2.771801453417032,0.0
febmgo,seed_0,47,-445.01309792413844,78,0.13332384917412463,2.229242470149236,0.0
febmgo,seed_0,48,-443.78790529733,78,0.14903144695372014,2.4556929406054984,0.0
febmgo,seed_0,49,-439.32772462607136,78,0.20621325043139485,2.314375313457502,0.0
febmgo,seed_0,50,-442.7067233784358,78,0.16289275360620956,3.6979170306979494,0.0
febmgo,seed_0,51,-447.9556422546485,78,0.09559892185989273,2.2766721917064423,0.0
febmgo,seed_0,52,-447.25848030249847,78,0.10453689560540624,2.1881878654388647,0.0
febmgo,seed_0,53,-445.7163785275688,78,0.12430743118142774,2.1462752462942465,0.0
febmgo,seed_0,54,-447.7053309928228,78,0.09880804060124841,2.4535631156993674,0.0
febmgo,seed_0,55,-442.6142587603565,78,0.1640781974277391,2.8512466219745782,0.0
febmgo,seed_0,56,-442.86963064443614,78,0.1608041989138976,2.8661838270044733,0.6666666666666666
febmgo,seed_0,57,-440.82091144903967,78,0.1870698296241088,2.8904026407841616,0.6666666666666666
febmgo,seed_0,58,-439.5557853184298,78,0.20328939540115845,2.7438441290037474,0.6666666666666666
febmgo,seed_0,59,-446.06341624516233,78,0.11985822967381829,2.3270711563910833,0.0
febmgo,seed_0,60,-438.34565413113546,78,0.2188038978023679,1.851056344965274,1.0
febmgo,seed_0,61,-442.1015199755775,78,0.1706517715915725,2.812241332885577,0.0
febmgo,seed_0,62,-447.4024438280012,78,0.10269120938101231,2.1989008973045845,0.0
febmgo,seed_0,63,-446.08855391660643,78,0.11953595183479138,2.183203279664035,0.0
febmgo,seed_0,64,-444.2346270875174,78,0.14330424451541965,2.520876390452443,0.0
febmgo,seed_0,65,-444.11761242558333,78,0.14480443248893365,2.491839952392361,0.0
febmgo,seed_0,66,-435.0408307694984,78,0.26117342807976573,1.255752474140035,0.0
febmgo,seed_0,67,-446.4247079080864,78,0.11522628527735562,2.166763860113557,0.0
febmgo,seed_0,68,-447.3380206138983,78,0.10351714802335685,2.4583248579035075,0.0
febmgo,seed_0,69,-445.5729641897503,78,0.12614607653807533,3.733920869416586,0.0
febmgo,seed_0,70,-444.7111098989323,78,0.13719549052292115,2.5620576558812633,0.0
febmgo,seed_0,71,-447.35677013495365,78,0.10327676954828856,2.406658167895946,0.0
febmgo,seed_0,72,-444.7403529290938,78,0.1368205798798254,3.0137843636927837,0.0
febmgo,seed_0,73,-445.9213839748403,78,0.12167915621640847,2.4624685487245266,0.0
febmgo,seed_0,74,-448.05926841543175,78,0.09427038133703092,2.624990435456919,0.0
febmgo,seed_0,75,-445.9252316847561,78,0.12162982660210311,3.729924066483486,0.0
febmgo,seed_0,76,-446.0772876538753,78,0.11968039110057486,2.4581463282754363,0.0
febmgo,seed_0,77,-445.15949611406654,78,0.13144694930325146,1.832803414684669,0.6666666666666666
febmgo,seed_0,78,-447.0976366087247,78,0.10659899424353132,2.838808773278192,0.0
febmgo,seed_0,79,-446.599645413343,78,0.11298349674842492,2.6479938105872627,0.0
febmgo,seed_0,80,-447.5301973456473,78,0.10105334377016471,2.387643929172091,0.0
febmgo,seed_0,81,-448.19396059213614,78,0.09254355855876949,2.6454492433901553,0.0
febmgo,seed_0,82,-446.2549467304063,78,0.11740271063222907,2.4943957338487266,0.0
febmgo,seed_0,83,-448.4847101761764,78,0.08881599978902244,2.3293003630186533,0.0
febmgo,seed_0,84,-447.3127914894074,78,0.103840598337343,2.2571491535198103,0.0
febmgo,seed_0,85,-448.1931532259992,78,0.09255390940667897,2.1992297656980764,0.0
febmgo,seed_0,86,-448.10310074111385,78,0.09370842844367061,2.3300137070657705,0.0
febmgo,seed_0,87,-445.93142165818625,78,0.12155046796838338,2.3230046476917448,0.0
febmgo,seed_0,88,-446.8326189949489,78,0.10999665595860564,2.429295397028959,0.0
febmgo,seed_0,89,-449.5388958295899,78,0.07530079910423436,2.1923867027651376,0.0
febmgo,seed_0,90,-447.1810471140497,78,0.10552962879064683,2.7663128618489505,0.0
febmgo,seed_0,91,-444.52977155835083,78,0.1395203410431965,3.8227713983233755,0.0
febmgo,seed_0,92,-449.5730479795205,78,0.07486295102820097,2.1251936741164776,0.0
febmgo,seed_0,93,-448.05302285432515,78,0.09435045263326931,2.1737820810579542,0.0
febmgo,seed_0,94,-449.78964360102515,78,0.07208608408583345,2.758685928068367,0.0
febmgo,seed_0,95,-445.3771982613748,78,0.1286558961326326,2.601891362702622,0.0
febmgo,seed_0,96,-448.6551459838345,78,0.08663092533186774,3.6697807496592993,0.0
febmgo,seed_0,97,-450.33240842114617,78,0.06512756075094855,3.806755626114299,0.0
febmgo,seed_0,98,-450.0912739044896,78,0.06821902891321248,3.850190861894802,0.0
febmgo,seed_0,99,-451.10008336038857,78,0.055285574350404994,4.151331617760514,0.0
febmgo,seed_0,100,-449.9027317048076,78,0.07063623660144312,2.7760435059615176,0.0
febmgo,seed_1,10,-435.62411749323275,78,0.25369539316009504,0.765821446628749,0.3333333333333333
febmgo,seed_1,11,-422.4108541073879,78,0.42309620579913176,2.4168567541284816,0.0
febmgo,seed_1,12,-438.52501184844925,78,0.2165044398880885,0.005400593376593932,0.0
febmgo,seed_1,13,-427.07617566501466,78,0.36328439095776277,0.058242303680168916,0.0
febmgo,seed_1,14,-436.389245581259,78,0.24388605869822008,0.11504092603103189,0.0
febmgo,seed_1,15,-425.65379511681846,78,0.38152003901156023,0.999191168133617,1.0
febmgo,seed_1,16,-437.60203412875217,78,0.2283374875765127,0.7742321882472076,0.0
febmgo,seed_1,17,-440.6275756156942,78,0.18954849415417913,0.02252234543592735,0.0
febmgo,seed_1,18,-437.0785541433036,78,0.23504876944123765,0.07232042632517022,0.0
febmgo,seed_1,19,-436.16966076407255,78,0.24670124866214885,0.08474371756994792,0.0
febmgo,seed_1,20,-439.80859904391576,78,0.20004819379236402,0.015511505799018721,0.0
febmgo,seed_1,21,-440.9718808083174,78,0.18513432501798413,0.055860768245452164,0.0
febmgo,seed_1,22,-441.2337426130019,78,0.18177712239382407,0.02547565395945739,0.0
febmgo,seed_1,23,-440.0492526675974,78,0.19696289092465089,0.03235995199774777,0.0
febmgo,seed_1,24,-441.0181227638731,78,0.18454147943393634,0.026387544646999217,0.0
febmgo,seed_1,25,-427.9527905971238,78,0.35204573798200467,2.61080762653096,0.0
febmgo,seed_1,26,-427.85237543419584,78,0.35333311186569644,0.014240402253546947,0.0
febmgo,seed_1,27,-424.23585123158716,78,0.39969880677093583,3.1158783711911653,0.0
febmgo,seed_1,28,-430.28660670277617,78,0.3221250186787691,0.04649490488042929,0.0
febmgo,seed_1,29,-437.971952625205,78,0.22359494275019423,0.34449759112207445,0.0
febmgo,seed_1,30,-424.5369609159959,78,0.395838426201593,0.6420152193476252,0.0
febmgo,seed_1,31,-421.51938041964667,78,0.4345253556419678,0.5203400641334426,0.0
febmgo,seed_1,32,-438.0369129346868,78,0.2227621182696581,0.19246144858950132,0.0
febmgo,seed_1,33,-437.4357363001167,78,0.2304695110205575,0.946254799477618,0.0
febmgo,seed_1,34,-440.95478713143694,78,0.18535347472157965,0.7117128742336281,0.0
febmgo,seed_1,35,-441.16766224319326,78,0.18262430662213966,0.6955887317220704,0.0
febmgo,seed_1,36,-429.53044667340055,78,0.3318193780297386,0.08677974987653414,0.0
febmgo,seed_1,37,-433.13141914366236,78,0.28565306430843335,1.091942035816464,0.0
febmgo,seed_1,38,-441.85080621187694,78,0.17386605061337454,2.7566276860684322,0.0
febmgo,seed_1,39,-442.9131326671319,78,0.16024648067420855,3.2607644084700826,0.0
febmgo,seed_1,40,-444.17468010917764,78,0.1440727955197758,2.1777643584202355,0.0
febmgo,seed_1,41,-442.1277352018865,78,0.17031567894658559,3.7551006618280223,0.0
febmgo,seed_1,42,-442.0667353869323,78,0.17109772785625466,1.9370755594800944,0.0
febmgo,seed_1,43,-446.12842065546135,78,0.11902483979818977,2.703415935845454,0.0
febmgo,seed_1,44,-446.6962600522372,78,0.1117448475318325,2.2947898616546123,0.0
febmgo,seed_1,45,-447.3518104181954,78,0.103340355660574,2.6190700252128174,0.0
febmgo,seed_1,46,-447.4401529264058,78,0.10220775940146609,3.513633156401971,0.0
febmgo,seed_1,47,-442.62576080544613,78,0.16393073531120542,4.119086576665449,0.0
febmgo,seed_1,48,-442.96160324950415,78,0.15962506295148726,2.214446359882352,0.0
febmgo,seed_1,49,-448.423397337326,78,0.08960206182556636,2.1350424908694468,0.0
febmgo,seed_1,50,-447.8916761688113,78,0.09641899988344722,3.7332673510053436,0.0
febmgo,seed_1,51,-449.0113739443918,78,0.08206390019651767,2.6901453916355287,0.0
febmgo,seed_1,52,-448.47223042025627,78,0.08897599665979346,4.389433849831736,0.0
febmgo,seed_1,53,-448.57034017112454,78,0.08771817934096941,3.7399323851759334,0.0
febmgo,seed_1,54,-449.38565373374433,78,0.0772654413586644,2.6207594613232814,0.0
febmgo,seed_1,55,-445.2859783922326,78,0.12982538163445576,3.7277783385936356,0.0
febmgo,seed_1,56,-446.3611745352763,78,0.11604081569799828,3.1711137637273925,0.0
febmgo,seed_1,57,-450.9668581014449,78,0.05699359049070807,3.0800771816937598,0.0
febmgo,seed_1,58,-451.0683842105412,78,0.05569197370742274,2.462516509872213,0.0
febmgo,seed_1,59,-442.53425582357096,78,0.16510387610447688,2.7114555759361725,0.0
febmgo,seed_1,60,-450.92988455593246,78,0.05746761030497046,3.485465864304828,0.0
febmgo,seed_1,61,-447.9285952633127,78,0.0959456781590703,2.6675562658355645,0.0
febmgo,seed_1,62,-450.16684062754956,78,0.06725022477141789,4.311754294914701,0.0
febmgo,seed_1,63,-451.9681168261872,78,0.044156940173499276,2.315269354311029,0.0
febmgo,seed_1,64,-449.5764734627068,78,0.07481903457709412,3.5657325737931522,0.0
febmgo,seed_1,65,-451.3393636537172,78,0.052217878282089,2.583568509170595,0.0
febmgo,seed_1,66,-446.8759662913077,78,0.1094409213899034,3.0465841788596837,0.0
febmgo,seed_1,67,-451.1720280741483,78,0.05436320622528056,3.486388773120007,0.0
febmgo,seed_1,68,-446.8624519770229,78,0.10961418182945219,5.307626541699433,0.0
febmgo,seed_1,69,-452.4700155451279,78,0.03772234121272096,2.340375490386167,0.0
febmgo,seed_1,70,-451.6675825956813,78,0.04800994312870298,2.531247071630931,0.0
febmgo,seed_1,71,-452.9364812049584,78,0.03174201224053537,2.4195816699725157,0.0
febmgo,seed_1,72,-452.33043245731386,78,0.039511867979567884,3.5879926677220766,0.0
febmgo,seed_1,73,-453.1378636305171,78,0.029160186271834386,4.567883597114765,0.0
febmgo,seed_1,74,-450.89343358305905,78,0.05793493047001419,4.372040721546272,0.0
febmgo,seed_1,75,-452.25574379949194,78,0.04046941487472074,4.317197954681099,0.0
febmgo,seed_1,76,-450.9502161678079,78,0.0572069486142594,2.524226743076669,0.0
febmgo,seed_1,77,-452.87588048123587,78,0.03251894459595242,4.124022986322418,0.0
febmgo,seed_1,78,-451.1751410776286,78,0.05432329592425061,3.4108130792218496,0.0
febmgo,seed_1,79,-453.2396211862118,78,0.027855602224465842,2.3400065642824437,0.0
febmgo,seed_1,80,-450.5470709846803,78,0.06237547660307486,2.840757511693626,0.0
febmgo,seed_1,81,-452.5751004881127,78,0.0363750983539418,2.271226975271226,0.0
febmgo,seed_1,82,-449.7424414523648,78,0.07269123983788917,4.481911114074611,0.0
febmgo,seed_1,83,-448.71005809828097,78,0.08592692386460499,2.405022715714992,0.0
febmgo,seed_1,84,-453.23187706024044,78,0.02795488589076565,3.2166768142177578,0.0
febmgo,seed_1,85,-453.3177518787656,78,0.026853926678904683,2.3805025631323193,0.0
febmgo,seed_1,86,-452.53027251814814,78,0.03694981591758998,4.560861488383589,0.0
febmgo,seed_1,87,-451.8410357271985,78,0.04578618503232872,3.1635351059014614,0.0
febmgo,seed_1,88,-453.14207016351327,78,0.029106256361626785,2.3877755873393998,0.0
febmgo,seed_1,89,-453.43121403555165,78,0.02539928364318601,2.504635494384196,0.0
febmgo,seed_1,90,-453.32439046366784,78,0.026768816616055346,2.606498861138949,0.0
febmgo,seed_1,91,-453.7750510944946,78,0.02099111622084065,2.468071529854239,0.0
febmgo,seed_1,92,-453.169571598467,78,0.0287536738622203,2.541253997595595,0.0
febmgo,seed_1,93,-453.48973925674886,78,0.02464896029450377,2.370529908469054,0.0
febmgo,seed_1,94,-453.5613147273352,78,0.02373132605621774,2.452840988698558,0.0
febmgo,seed_1,95,-453.3928183970932,78,0.02589153541829421,2.5339079541071694,0.0
febmgo,seed_1,96,-451.150797951038,78,0.05463538729079705,2.604163722589929,0.0
febmgo,seed_1,97,-452.837282906912,78,0.033013785292412515,4.349748615307403,0.0
febmgo,seed_1,98,-452.91885469795943,78,0.03196799309949647,2.758537814609671,0.0
febmgo,seed_1,99,-454.41848281941526,78,0.012741991542370466,2.3875780148727497,0.0
febmgo,seed_1,100,-453.9005842631938,78,0.01938171662213251,2.406094148571537,0.0
febmgo,seed_2,10,-420.3746801783853,78,0.44920099976070343,3.282222079338915,0.3333333333333333
febmgo,seed_2,11,-419.2817428782648,78,0.46321301642891455,3.069219927808465,0.3333333333333333
febmgo,seed_2,12,-422.796107421307,78,0.41815706074888664,1.9873581158178535,0.6666666666666666
febmgo,seed_2,13,-419.6867579217102,78,0.4580205158719228,2.461788772014973,0.6666666666666666
febmgo,seed_2,14,-425.321395912051,78,0.38578156727780966,1.7758577245397458,0.6666666666666666
febmgo,seed_2,15,-430.491558809543,78,0.3194974275663739,1.705614341764809,0.0
febmgo,seed_2,16,-428.9398452567005,78,0.33939119106435467,1.6667773637638703,0.3333333333333333
febmgo,seed_2,17,-434.81295018718777,78,0.2640949740068255,1.3666555390527062,0.0
febmgo,seed_2,18,-431.70676574377086,78,0.30391785148652944,1.1641213947441713,0.0
febmgo,seed_2,19,-434.0848225730048,78,0.273429943419428,1.0918576220513234,0.0
febmgo,seed_2,20,-434.71360266913024,78,0.26536866013576815,1.4063320334405542,0.3333333333333333
febmgo,seed_2,21,-433.3966313308237,78,0.282252908062775,0.9931972682855381,0.0
febmgo,seed_2,22,-432.5737971541274,78,0.29280206417426585,0.8055953753661402,0.0
febmgo,seed_2,23,-427.3320741370073,78,0.3600036413168317,0.9838276540145969,0.0
febmgo,seed_2,24,-428.920792276575,78,0.33963546004032236,1.2408933120074472,0.6666666666666666
febmgo,seed_2,25,-435.2969477887481,78,0.25788987655092344,1.7081449757736777,0.0
febmgo,seed_2,26,-433.64409916954315,78,0.2790802434638077,1.194100153529618,0.0
febmgo,seed_2,27,-433.0212667022677,78,0.287065275095544,2.8409233100151106,0.0
febmgo,seed_2,28,-434.2993669453742,78,0.2706793745428972,2.073712453946211,0.0
febmgo,seed_2,29,-434.5480185493746,78,0.2674915334659686,1.3666723270311394,0.0
febmgo,seed_2,30,-431.45347283673993,78,0.3071651964484644,2.4734162825312644,0.0
febmgo,seed_2,31,-430.51340977582737,78,0.31921728697298446,1.169682632947307,0.0
febmgo,seed_2,32,-424.84013189891925,78,0.3919516187282167,1.866458577646135,0.0
febmgo,seed_2,33,-415.2522557564606,78,0.5148731077340967,1.6961231654101638,0.0
febmgo,seed_2,34,-427.8722028920491,78,0.3530789136880908,2.9258780296843234,0.0
febmgo,seed_2,35,-437.545191914849,78,0.2290662339086046,1.3959118937774253,0.0
febmgo,seed_2,36,-437.0204922987233,78,0.2357931520640623,1.1011046367793593,0.0
febmgo,seed_2,37,-438.04966953670277,78,0.22259857208996656,1.2875699420153293,0.0
febmgo,seed_2,38,-414.1400968724606,78,0.5291315549648659,3.9590270774745875,0.0
febmgo,seed_2,39,-438.8810573948028,78,0.2119397533963766,1.6552548851799553,0.0
febmgo,seed_2,40,-433.7910075681957,78,0.27719680245544165,1.504351092907104,0.0
febmgo,seed_2,41,-433.52728446908355,78,0.2805778678286744,2.6292686049726317,0.0
febmgo,seed_2,42,-433.1259064424164,78,0.28572373996543265,2.243492806167227,0.0
febmgo,seed_2,43,-438.94735363899,78,0.21108980154782223,1.0880821395782032,0.0
febmgo,seed_2,44,-436.6307716717091,78,0.24078957035911594,1.8374035218980733,0.0
febmgo,seed_2,45,-436.5657960248994,78,0.24162259147206117,1.1737666167029506,0.0
febmgo,seed_2,46,-438.9238851240096,78,0.2113906799450073,0.04374182740126642,0.0
febmgo,seed_2,47,-437.08982121923833,78,0.234904319749767,0.6634525025127473,0.0
febmgo,seed_2,48,-414.9547044773194,78,0.5186878677230865,2.383636665458736,0.0
febmgo,seed_2,49,-445.51381678374025,78,0.12690437661512696,2.935176898837364,0.0
febmgo,seed_2,50,-436.6933107920546,78,0.23998778676494298,2.5748396083447442,0.3333333333333333
febmgo,seed_2,51,-443.7905298391601,78,0.148997798981539,3.587426299783207,0.0
febmgo,seed_2,52,-442.75050659275706,78,0.16233143034568068,2.6411260743954106,0.3333333333333333
febmgo,seed_2,53,-444.087474400091,78,0.1451908174311427,3.0703879660559235,0.3333333333333333
febmgo,seed_2,54,-444.29353472181134,78,0.14254901843472842,2.800294296224738,0.0
febmgo,seed_2,55,-443.0303809930535,78,0.15874329700854709,2.5659563688346356,0.0
febmgo,seed_2,56,-435.4981091779307,78,0.2553108843819161,0.7946469184751823,0.6666666666666666
febmgo,seed_2,57,-442.8992408482173,78,0.16042458091670342,3.532658272582319,0.0
febmgo,seed_2,58,-445.07366953617895,78,0.13254729004540003,3.063960969443878,0.0
febmgo,seed_2,59,-444.5483160649966,78,0.13928259095799453,3.7879772246356254,0.3333333333333333
febmgo,seed_2,60,-448.23757203763256,78,0.0919844374626615,2.4771448382544747,0.0
febmgo,seed_2,61,-445.3994074595769,78,0.12837116282234973,2.6837364720833996,0.3333333333333333
febmgo,seed_2,62,-443.60468254594144,78,0.15138045658690658,3.122164379183662,0.0
febmgo,seed_2,63,-449.3473287578332,78,0.07775678720367861,4.644563025063281,0.0
febmgo,seed_2,64,-451.5110142277999,78,0.05001722989641385,4.405772075188738,0.0
febmgo,seed_2,65,-449.8742862842844,78,0.07100092147994584,4.3789323624624075,0.0
febmgo,seed_2,66,-451.6896981254311,78,0.04772641069601345,3.316138243628723,0.0
febmgo,seed_2,67,-451.7296980257526,78,0.04721359146112237,3.669252300676556,0.0
febmgo,seed_2,68,-449.1675433964628,78,0.08006172773406862,3.718259686235763,0.3333333333333333
febmgo,seed_2,69,-448.417832427384,78,0.08967340682482271,3.7241386523927353,0.3333333333333333
febmgo,seed_2,70,-452.640836139897,78,0.03553233358747667,4.490539635451464,0.0
febmgo,seed_2,71,-435.82969667455325,78,0.25105976263034496,2.424423664593874,0.0
febmgo,seed_2,72,-453.0570087205385,78,0.030196787681816408,4.510122641067678,0.0
febmgo,seed_2,73,-453.1028076131266,78,0.02960962239222544,4.76810773363046,0.0
febmgo,seed_2,74,-450.921868579877,78,0.05757037922875824,4.818401478205157,0.0
febmgo,seed_2,75,-452.552952299574,78,0.03665904948905362,4.872177325394613,0.0
febmgo,seed_2,76,-451.6678224501989,78,0.048006868070785184,4.9344960959324755,0.0
febmgo,seed_2,77,-452.98667485926705,78,0.031098503851962844,3.7360466957176577,0.0
febmgo,seed_2,78,-452.55195816916313,78,0.036671794750731124,3.6900232072953347,0.0
febmgo,seed_2,79,-449.1311865232343,78,0.08052784149340834,3.849860472064364,0.3333333333333333
febmgo,seed_2,80,-452.2594512277968,78,0.04042188374260747,4.869870612714484,0.0
febmgo,seed_2,81,-451.1812978814525,78,0.054244362541892924,4.823235369427808,0.0
febmgo,seed_2,82,-452.5804907882317,78,0.03630599194215952,5.133365898459539,0.0
febmgo,seed_2,83,-451.3372093956755,78,0.052245496974931846,3.565570909215989,0.0
febmgo,seed_2,84,-453.80343847963445,78,0.02062717538571417,4.801036371094066,0.0
febmgo,seed_2,85,-453.43949374234086,78,0.025293133556144855,3.659236695557828,0.0
febmgo,seed_2,86,-453.89214470091224,78,0.01948991613856303,4.699877048384803,0.0
febmgo,seed_2,87,-452.7296299299003,78,0.03439395166435734,4.448762192785136,0.0
febmgo,seed_2,88,-451.8231592254189,78,0.04601537095257996,4.3881894210976355,0.0
febmgo,seed_2,89,-454.1813287393502,78,0.01578242846628159,4.541291065247481,0.0
febmgo,seed_2,90,-451.67420202585697,78,0.04792507863927161,3.7053105527701007,0.0
febmgo,seed_2,91,-452.4955136253304,78,0.03739544274858694,4.770209463960805,0.0
febmgo,seed_2,92,-453.1958032017371,78,0.02841737125619331,4.705916072879443,0.0
febmgo,seed_2,93,-454.4934180808437,78,0.01178128306251872,4.562892808579422,0.0
febmgo,seed_2,94,-449.7280253881411,78,0.07287606117409076,4.552771221160009,0.0
febmgo,seed_2,95,-451.2087021071942,78,0.05389302631443535,4.323843220439546,0.0
febmgo,seed_2,96,-453.51667696716646,78,0.024303605032739685,4.352139014915279,0.0
febmgo,seed_2,97,-452.7330532695922,78,0.03435006269394847,3.920799360581734,0.0
febmgo,seed_2,98,-450.70845187858936,78,0.060306490783728184,3.8255452247577324,0.0
febmgo,seed_2,99,-454.18925967338936,78,0.01568074982475382,4.37555230279864,0.0
febmgo,seed_2,100,-454.0327411054827,78,0.01768739813124908,4.333336685864678,0.0
febmgo,seed_3,10,-289.90251729312087,78,2.121921036751273,1.3534321671269929,1.0
febmgo,seed_3,11,-421.7532357291003,78,0.43152721064897237,1.9344625064127055,0.6666666666666666
febmgo,seed_3,12,-287.8142956462819,78,2.1486931091466444,1.5478762944274145,0.6666666666666666
febmgo,seed_3,13,-312.99344527979275,78,1.8258834984606078,1.1657323505290123,0.6666666666666666
febmgo,seed_3,14,-436.0607063370458,78,0.24809810029069668,0.9354684423514232,0.0
febmgo,seed_3,15,-414.85242386264866,78,0.5199991576547627,2.110936321860848,1.0
febmgo,seed_3,16,-410.5306571196895,78,0.5754064235901364,3.42710378575603,0.3333333333333333
febmgo,seed_3,17,-412.32750543096523,78,0.5523699067789093,2.122431543446389,0.3333333333333333
febmgo,seed_3,18,-405.54980345028565,78,0.639263521915827,0.2792415220089399,0.0
febmgo,seed_3,19,-414.32298653056375,78,0.5267868157584155,0.04322663425312534,0.0
febmgo,seed_3,20,-303.20975580012896,78,1.951315414866554,1.270872632319028,0.3333333333333333
febmgo,seed_3,21,-428.17955786949847,78,0.3491384652592524,2.2540776274548637,0.0
febmgo,seed_3,22,-398.81042535797246,78,0.7256658051506114,0.07981541954245586,0.0
febmgo,seed_3,23,-408.71787838880977,78,0.5986471765501332,2.4581028873263904,0.3333333333333333
febmgo,seed_3,24,-409.62660392437755,78,0.5869968491710591,3.648631289482225,0.3333333333333333
febmgo,seed_3,25,-395.15105201773304,78,0.7725808479741938,2.587774226972961,0.0
febmgo,seed_3,26,-404.008526764533,78,0.6590234794254767,2.447026102576352,0.0
febmgo,seed_3,27,-407.1983852269973,78,0.6181278581118317,2.0026042261394963,0.0
febmgo,seed_3,28,-409.33859574874,78,0.5906892616792331,2.8700297871077023,1.0
febmgo,seed_3,29,-403.2221631959993,78,0.6691050636374467,3.041676210708868,1.0
febmgo,seed_3,30,-400.6464799964017,78,0.7021266431194675,2.863014760153929,0.0
febmgo,seed_3,32,-396.6316972131354,78,0.7535982172639072,2.593126653275263,0.3333333333333333
febmgo,seed_3,33,-404.24225567691076,78,0.6560269549078128,2.2828298811617653,0.3333333333333333
febmgo,seed_3,34,-417.4501595817572,78,0.48669485356362774,2.0210798081371095,0.0
febmgo,seed_3,35,-399.2195636795807,78,0.7204204420530701,2.0645173952263853,0.0
febmgo,seed_3,36,-411.8599397128136,78,0.5583643390629042,2.5678314545837413,1.0
febmgo,seed_3,37,-416.8691521320941,78,0.49414366702084705,3.749761369684089,1.0
febmgo,seed_3,38,-404.9043089892376,78,0.6475390919292633,1.461515070034622,0.0
febmgo,seed_3,39,-417.437208255662,78,0.48686089620587414,0.8374977570866768,0.0
febmgo,seed_3,40,-409.1472170267954,78,0.5931428350374972,4.989760501736184,1.0
febmgo,seed_3,41,-428.1228725429937,78,0.3498652002144415,1.6400010614570633,0.0
febmgo,seed_3,42,-413.43875543207355,78,0.5381231118929052,3.332183505724954,0.6666666666666666
febmgo,seed_3,43,-421.383936682385,78,0.43626181381198903,2.133983015843837,0.6666666666666666
febmgo,seed_3,44,-398.70659431823066,78,0.7269969723267885,2.601633296230151,0.0
febmgo,seed_3,45,-408.9152869257978,78,0.5961162978707998,1.7708416713683803,0.6666666666666666
febmgo,seed_3,46,-424.8987233561274,78,0.39120044619990724,2.7085053093654867,0.0
febmgo,seed_3,47,-405.55312785842625,78,0.6392209012986398,3.03987489695732,1.0
febmgo,seed_3,48,-407.48594941594087,78,0.6144411377407601,2.2940637109056166,1.0
febmgo,seed_3,49,-416.61883357718835,78,0.49735287926322824,2.8818226270407177,0.6666666666666666
febmgo,seed_3,50,-403.80362804302064,78,0.6616503861115323,2.5791286954838757,0.0
febmgo,seed_3,51,-407.16299946786484,78,0.6185815216904528,3.3943214955816963,0.0
febmgo,seed_3,52,-389.385651618173,78,0.8464962377121434,3.1537558385609525,0.6666666666666666
febmgo,seed_3,53,-413.9992304430156,78,0.5309375348295453,2.8912694227390485,0.3333333333333333
febmgo,seed_3,54,-407.8141616375622,78,0.6102332887456146,5.398067079138306,0.6666666666666666
febmgo,seed_3,55,-431.4100112983433,78,0.30772239565867754,1.7438488511652661,0.0
febmgo,seed_3,56,-406.47569406475674,78,0.6273931294226079,3.0302554881266683,0.0
febmgo,seed_3,57,-412.6597523355401,78,0.5481103310792318,2.4952653653007175,0.0
febmgo,seed_3,58,-410.7290163985294,78,0.5728633559127022,1.8572261513150394,0.0
febmgo,seed_3,59,-401.0604223050259,78,0.6968196904447982,3.7890213723031874,0.3333333333333333
febmgo,seed_3,60,-415.04324363751874,78,0.5175527502846335,1.9208217889061583,0.0
febmgo,seed_3,61,-417.3771287933915,78,0.48763114572216254,2.0061823743728855,0.3333333333333333
febmgo,seed_3,62,-406.7585740116422,78,0.6237664634368966,2.0134290756750826,1.0
febmgo,seed_3,63,-411.21467665822854,78,0.5666369423268156,2.4882234933523026,0.0
febmgo,seed_3,64,-392.218795295226,78,0.81017388287813,3.7081012718580695,0.3333333333333333
febmgo,seed_3,65,-397.7347006511156,78,0.7394571475462124,2.2519798252972727,0.0
febmgo,seed_3,66,-407.8591786247462,78,0.6096561478842812,2.4108997729161388,0.0
febmgo,seed_3,67,-403.20051573579013,78,0.66938259517859,1.9671774317939157,0.6666666666666666
febmgo,seed_3,68,-413.29387593749726,78,0.53998054131055,2.2364122223405083,0.0
febmgo,seed_3,69,-415.93643077608505,78,0.5061016331235271,2.0386002354273813,0.0
febmgo,seed_3,70,-427.1020521014604,78,0.362952641772561,2.807636225698255,0.0
febmgo,seed_3,71,-420.2645087535252,78,0.4506134539255763,2.955269622133649,0.0
febmgo,seed_3,72,-407.5531972107734,78,0.6135789865249581,2.3387123859713803,0.0
febmgo,seed_3,73,-400.2799531120605,78,0.7068257057392261,2.646572473792741,0.3333333333333333
febmgo,seed_3,74,-414.64334837504236,78,0.5226796126240743,3.0479212578267028,0.0
febmgo,seed_3,75,-408.1593814482211,78,0.6058073937371674,2.3875955120576666,0.0
febmgo,seed_3,76,-413.3282473191331,78,0.5395398825716291,2.4402879487072298,0.6666666666666666
febmgo,seed_3,77,-416.6828892597366,78,0.4965316525638916,2.2063389606295747,0.0
febmgo,seed_3,78,-415.5097479941032,78,0.5115719252002177,2.498267333937701,0.0
febmgo,seed_3,79,-408.2314083941337,78,0.6048839713536722,3.080544782836302,0.3333333333333333
febmgo,seed_3,80,-432.2763918546183,78,0.2966149526295112,1.7257313254139124,0.0
febmgo,seed_3,82,-396.84871014635905,78,0.7508160001712962,3.315701231132545,0.6666666666666666
febmgo,seed_3,83,-414.3372303637783,78,0.5266042025120751,1.6248791235995501,0.0
febmgo,seed_3,85,-413.3903121302351,78,0.5387441798651932,3.0539195312841585,0.3333333333333333
febmgo,seed_3,86,-416.5097818887255,78,0.49875097783326466,3.017387542523416,0.0
febmgo,seed_3,87,-417.9338297386055,78,0.4804939541168548,2.3485099297703496,1.0
febmgo,seed_3,88,-413.68705092884784,78,0.5349398362932348,4.561567080006661,0.0
febmgo,seed_3,89,-415.32012446283585,78,0.5140029961139013,2.1063328096218044,1.0
febmgo,seed_3,90,-365.85411094453576,78,1.1481826566049282,3.2003085376324236,0.0
febmgo,seed_3,91,-410.2243800641351,78,0.5793330525075004,2.827770958946017,0.0
febmgo,seed_3,92,-417.48692759218363,78,0.4862234688145708,1.5482758606340195,0.0
febmgo,seed_3,93,-415.9711990276961,78,0.5056558863080005,2.4009256591916,0.3333333333333333
febmgo,seed_3,94,-408.2225115878972,78,0.6049980329720892,3.229408205252403,0.0
febmgo,seed_3,95,-412.82268135838467,78,0.5460214974530191,2.1173739847448143,1.0
febmgo,seed_3,96,-413.19997335155364,78,0.5411844206175195,1.8463424670158126,0.0
febmgo,seed_3,97,-419.6672967976513,78,0.458270017462421,2.008284032606179,0.0
febmgo,seed_3,98,-408.8173324677684,78,0.597372124255792,2.8677028560372158,0.3333333333333333
febmgo,seed_3,99,-417.0776334365183,78,0.4914708297846394,2.589446585574553,0.3333333333333333
febmgo,seed_3,100,-419.39381722238215,78,0.4617761658633077,3.5738867474761573,0.0
febmgo,seed_4,10,-432.2099278748396,78,0.2974670549343662,0.6575314782381767,0.6666666666666666
febmgo,seed_4,11,-414.0240054191103,78,0.5306199069308953,2.9375277631526533,0.0
febmgo,seed_4,12,-436.54641921233133,78,0.2418710121460106,0.020549954101236168,0.3333333333333333
febmgo,seed_4,13,-433.71291566040304,78,0.27819798076047586,0.08899877665288791,0.3333333333333333
febmgo,seed_4,14,-431.80570778724496,78,0.30264936374968204,0.019165801403023153,0.0
febmgo,seed_4,15,-431.62934857968554,78,0.304910379231213,0.9395333942964346,0.3333333333333333
febmgo,seed_4,16,-438.85597285328976,78,0.212261350082441,0.0436234128189632,0.0
febmgo,seed_4,17,-434.97503730638414,78,0.26201693401712844,0.029085815084313182,0.0
febmgo,seed_4,18,-431.670472261673,78,0.30438315253906595,0.04954643918880741,0.3333333333333333
febmgo,seed_4,19,-437.6152446386731,78,0.2281681220647056,0.6339457765172316,0.0
febmgo,seed_4,20,-439.0644973730458,78,0.20958795880351724,0.06959295520952224,0.0
febmgo,seed_4,21,-434.525374124032,78,0.26778184661138665,0.20656862496151973,0.3333333333333333
febmgo,seed_4,22,-434.4096861537772,78,0.26926502571721717,0.03910975078009926,1.0
febmgo,seed_4,23,-438.14254946868726,78,0.22140780373119093,0.03272285532452912,0.0
febmgo,seed_4,24,-438.9971865342814,78,0.2104509182748557,0.05748030025077533,0.0
febmgo,seed_4,25,-441.02824268374553,78,0.18441173687146956,0.10919767903913424,0.0
febmgo,seed_4,26,-440.147690281275,78,0.1957008702364763,0.05603355835412849,0.0
febmgo,seed_4,27,-440.7726740312393,78,0.18768825805744663,0.03936875393877948,0.0
febmgo,seed_4,28,-441.1986459180133,78,0.18222708002188262,0.07689354703514084,0.0
febmgo,seed_4,29,-440.1269423739164,78,0.1959668690487662,0.08957766672664391,0.0
febmgo,seed_4,30,-441.20937561409266,78,0.18208951981573707,0.26402541620882225,0.0
febmgo,seed_4,31,-440.0415758003063,78,0.1970613123001776,0.44933432739463797,0.0
febmgo,seed_4,32,-440.6628496619813,78,0.189096262791524,0.15811104414612487,0.0
febmgo,seed_4,33,-442.971588968575,78,0.15949704091211714,0.37718753681273576,0.0
febmgo,seed_4,34,-428.9238797185977,78,0.33959587745028824,2.7165143430389325,0.0
febmgo,seed_4,35,-440.3569694443266,78,0.19301780404350738,0.321071369921448,0.0
febmgo,seed_4,36,-440.9293497096345,78,0.18567959551391874,2.064394152306793,0.0
febmgo,seed_4,37,-441.76264355000745,78,0.17499634115016285,0.44027959623173984,0.0
febmgo,seed_4,38,-443.4432756372153,78,0.15344977592954917,0.5383821016818775,0.0
febmgo,seed_4,39,-441.1987934863451,78,0.1822251881201931,0.4156468039160828,0.0
febmgo,seed_4,40,-442.0160520205582,78,0.17174751460464022,1.1312659131199396,0.0
febmgo,seed_4,41,-441.6905572277164,78,0.17592052476927897,0.5955799437699092,0.0
febmgo,seed_4,42,-441.20920861373554,78,0.1820916608459566,2.1931050179184393,0.6666666666666666
febmgo,seed_4,43,-438.4652595874411,78,0.2172704945163982,0.5572270213366721,0.0
febmgo,seed_4,44,-440.8702396091353,78,0.1864374173151905,2.146203173669692,0.6666666666666666
febmgo,seed_4,45,-442.8381742305964,78,0.16120748627081746,1.2575204517046732,0.0
febmgo,seed_4,46,-441.70262427252345,78,0.17576581906662442,1.290442584607062,0.0
febmgo,seed_4,47,-441.9379547307564,78,0.17274876190979155,2.0155580195094256,0.6666666666666666
febmgo,seed_4,48,-441.7998567385033,78,0.1745192489899596,2.1939528319039425,0.6666666666666666
febmgo,seed_4,49,-441.7793529878573,78,0.17478211758798542,2.220004530982477,0.6666666666666666
febmgo,seed_4,50,-438.55370056950505,78,0.2161366357719885,2.857528501796832,0.3333333333333333
febmgo,seed_4,51,-443.0965584817219,78,0.15789486766664432,1.1200179189043347,0.0
febmgo,seed_4,52,-441.33572756030475,78,0.18046962306942832,1.1195840307413558,0.0
febmgo,seed_4,53,-441.9463873089171,78,0.17264065193337239,1.1128824269282234,0.0
febmgo,seed_4,54,-442.06292573258025,78,0.17114656957871668,1.804607462778609,0.3333333333333333
febmgo,seed_4,55,-443.300003466488,78,0.15528659863118122,1.9309877260417263,0.3333333333333333
febmgo,seed_4,56,-442.5227919714308,78,0.165250848567812,2.1436233994025375,0.0
febmgo,seed_4,57,-442.81761342278645,78,0.16147108637094496,1.7789852151280865,0.0
febmgo,seed_4,58,-443.0385881313862,78,0.15863807728633306,1.1306323320362903,0.0
febmgo,seed_4,59,-445.7491608150547,78,0.12388714544442865,2.619556538758273,0.3333333333333333
febmgo,seed_4,60,-444.9100908608717,78,0.13464445254933893,2.1336568894620225,0.0
febmgo,seed_4,61,-444.082419565211,78,0.1452556230065275,2.633854528063324,0.3333333333333333
febmgo,seed_4,62,-440.6721129243497,78,0.18897750301757027,3.143338777860178,0.0
febmgo,seed_4,63,-443.7454812474323,78,0.14957534502933173,2.24080222775593,0.0
febmgo,seed_4,64,-443.2062091857857,78,0.1564890894094158,2.371683732629693,0.3333333333333333
febmgo,seed_4,65,-447.3460415402293,78,0.10341431563449824,2.503924247354849,0.0
febmgo,seed_4,66,-443.17594836082276,78,0.1568770487038128,2.527077655396921,0.0
febmgo,seed_4,67,-446.8052103819595,78,0.11034804843282878,2.7160593149912184,0.3333333333333333
febmgo,seed_4,68,-449.83919340534953,78,0.07145083018423876,2.901866707357696,0.3333333333333333
febmgo,seed_4,69,-448.94969717088964,78,0.08285462806192975,2.8752486106257216,0.3333333333333333
febmgo,seed_4,70,-447.5135759065574,78,0.10126643914311255,4.045416656003361,0.3333333333333333
febmgo,seed_4,71,-450.33828348361266,78,0.06505223943727564,3.214379456049903,0.3333333333333333
febmgo,seed_4,72,-451.88918264696485,78,0.04516891683019617,2.810770627555561,0.0
febmgo,seed_4,73,-447.47529727700874,78,0.10175719080399258,2.813913501572193,0.0
febmgo,seed_4,74,-451.5697486432194,78,0.04926422457052272,2.7988639919219,0.0
febmgo,seed_4,75,-444.2566026239008,78,0.14302250686947907,2.309731381469774,0.0
febmgo,seed_4,76,-452.2771602436826,78,0.04019484507740455,3.259307626418707,0.0
febmgo,seed_4,77,-451.01917895838005,78,0.056322810273591074,3.123882499525708,0.3333333333333333
febmgo,seed_4,78,-449.6279678371512,78,0.07415885028934592,2.6151508107531196,0.0
febmgo,seed_4,79,-444.7979281330259,78,0.13608243623967006,3.4028154376197666,0.6666666666666666
febmgo,seed_4,80,-450.47310000001346,78,0.06332382256034226,3.228142036581696,0.3333333333333333
febmgo,seed_4,81,-451.047078103026,78,0.055965128931976055,3.9184583056086346,0.0
febmgo,seed_4,82,-448.227961416157,78,0.09210765055850235,3.1159129220929778,0.0
febmgo,seed_4,83,-451.3987747712375,78,0.051456197288238845,3.3704494356815697,0.0
febmgo,seed_4,84,-453.42152559486937,78,0.02552349442116399,3.4137829981346943,0.0
febmgo,seed_4,85,-449.18671003015584,78,0.07981600166108102,4.3405917609729645,0.0
febmgo,seed_4,86,-453.7220212065453,78,0.021670986579164556,3.123389405943339,0.0
febmgo,seed_4,87,-455.41235815972016,78,0.0,3.767210467011699,0.0
febmgo,seed_4,88,-452.0784605377804,78,0.04274227720435565,4.591300654975107,0.0
febmgo,seed_4,89,-454.8884081650475,78,0.006717307624008311,3.930937555327521,0.0
febmgo,seed_4,90,-453.51224138611803,78,0.024360471456437455,4.257465358625955,0.0
febmgo,seed_4,91,-453.12477024536565,78,0.029328050184032096,4.198551241965772,0.0
febmgo,seed_4,92,-452.74884062045334,78,0.03414766075983103,4.369567059078612,0.0
febmgo,seed_4,93,-451.49951079845806,78,0.05016470975977045,3.836616626842222,0.0
febmgo,seed_4,94,-451.67600479944724,78,0.047901966157345065,3.7959387744594775,0.0
febmgo,seed_4,95,-452.54682658346,78,0.03673758431102742,3.118005632750865,0.0
febmgo,seed_4,96,-448.71090788971907,78,0.08591602910257808,4.387386770401447,0.0
febmgo,seed_4,97,-454.68768055268407,78,0.009290738551744683,3.696249534064121,0.0
febmgo,seed_4,98,-452.8040604032234,78,0.033439714826881635,4.420745072971604,0.0
febmgo,seed_4,99,-451.5873722539278,78,0.04903828084349161,2.683694268181963,0.3333333333333333
febmgo,seed_4,100,-450.76153682469305,78,0.05962591455162953,4.380914739643295,0.3333333333333333
febmgo,seed_5,10,-426.9625532508359,78,0.36474108857543885,0.08121789900675225,1.0
febmgo,seed_5,11,-431.3899857320426,78,0.3079791336881739,0.101798828911571,0.0
febmgo,seed_5,12,-416.9812949548635,78,0.4927059385238036,2.375507031388471,0.0
febmgo,seed_5,13,-434.12785617942217,78,0.2728782305166409,0.05471540392694152,0.0
febmgo,seed_5,14,-439.27703769867,78,0.20686308283397672,0.05905684873919448,0.0
febmgo,seed_5,15,-435.8394476268582,78,0.2509347504213071,0.027158475404663207,0.0
febmgo,seed_5,16,-429.3765837105987,78,0.3337919801169416,0.061778412296996876,0.0
febmgo,seed_5,17,-430.268944695204,78,0.3223514546732837,0.07812280818365736,0.0
febmgo,seed_5,18,-438.3933062367333,78,0.2181929733716266,0.06549730197057357,0.0
febmgo,seed_5,19,-436.80292081175406,78,0.2385825301021294,0.042472427120094025,0.0
febmgo,seed_5,20,-429.04902936945103,78,0.33799139474704004,0.4468198703960802,0.0
febmgo,seed_5,21,-437.7313636951493,78,0.2266794162124469,0.06684631671417307,0.0
febmgo,seed_5,22,-435.012195069512,78,0.2615405524385659,0.11153457781858478,0.0
febmgo,seed_5,23,-435.6626585156449,78,0.253201277488144,0.008949341193979166,0.0
febmgo,seed_5,24,-441.0099844001936,78,0.18464581742982744,0.05490632733759604,0.0
febmgo,seed_5,25,-436.4051406639744,78,0.24368227558648398,2.568984588080143,0.0
febmgo,seed_5,26,-437.56422330498776,78,0.22882224172733837,2.1724805700829535,0.0
febmgo,seed_5,27,-435.70592183608676,78,0.2526466195337615,0.9250726969234702,0.0
febmgo,seed_5,28,-440.846489605876,78,0.18674190453646353,0.374952492419272,0.0
febmgo,seed_5,29,-438.8417486465554,78,0.21244371170724044,1.246404379174665,0.0
febmgo,seed_5,30,-423.4831908102933,78,0.40934829935162625,0.9244983828136046,0.0
febmgo,seed_5,31,-436.10018807451695,78,0.24759192416927187,0.44741743020793123,0.3333333333333333
febmgo,seed_5,32,-439.86832620422024,78,0.19928246096794766,0.39665983125278714,0.0
febmgo,seed_5,33,-436.29281579552355,78,0.24512233800252056,0.5153323007551709,0.0
febmgo,seed_5,34,-440.2704168480005,78,0.19412745271435483,0.5261351450877978,0.0
febmgo,seed_5,35,-440.0976974441155,78,0.1963418040462134,0.7057843030588984,0.0
febmgo,seed_5,36,-437.7564623672649,78,0.22635763836481132,2.1609918248979554,0.0
febmgo,seed_5,37,-441.4004413917393,78,0.17963995856385687,0.23649021083347677,0.0
febmgo,seed_5,38,-438.4131923072775,78,0.21793802374926502,0.42052692439070327,0.0
febmgo,seed_5,39,-437.31006032057974,78,0.23208074152744126,1.8630438732769754,0.0
febmgo,seed_5,40,-434.1593363422132,78,0.27247463868598687,0.5920779881039735,0.0
febmgo,seed_5,41,-441.2260075088088,78,0.18187629039629974,0.17147466355307195,0.0
febmgo,seed_5,42,-441.51125818418643,78,0.17821923045556057,1.311246723731884,0.0
febmgo,seed_5,43,-440.7028236204982,78,0.1885837761438715,0.3268470196320692,0.0
febmgo,seed_5,44,-439.28063879293757,78,0.20681691495875115,0.4995060971281422,0.0
febmgo,seed_5,45,-440.9579939219753,78,0.18531236202237011,0.4010543133072577,0.0
febmgo,seed_5,46,-441.0796804447951,78,0.18375227839647523,0.14170774155816446,0.0
febmgo,seed_5,47,-434.1161999144707,78,0.2730276698108903,0.825225490388771,0.0
febmgo,seed_5,48,-439.457926683647,78,0.20454399328298953,1.7607182115488929,0.0
febmgo,seed_5,49,-440.4577815046099,78,0.1917253417321828,1.5370710859685417,0.0
febmgo,seed_5,50,-440.34596856680884,78,0.19315884093476052,0.5523032492790687,0.0
febmgo,seed_5,51,-440.0851059360466,78,0.19650323363684044,1.3102969251752263,0.0
febmgo,seed_5,52,-442.87529910956556,78,0.16073152628403328,0.7060322477881975,0.0
febmgo,seed_5,53,-441.5916240431849,78,0.17718889892993944,2.158672174021694,0.0
febmgo,seed_5,54,-442.05654217949007,78,0.1712284100029499,0.8394565308910078,0.0
febmgo,seed_5,55,-443.7640272810718,78,0.14933757536728692,0.33413618713552573,0.0
febmgo,seed_5,56,-441.48148682297716,78,0.17860091457362814,1.7086984086800996,0.0
febmgo,seed_5,57,-444.42372415885205,78,0.1408799230880526,1.3255023176231013,0.0
febmgo,seed_5,58,-442.7317934739802,78,0.16257134212487137,1.3055014911320626,0.0
febmgo,seed_5,59,-441.7431501973045,78,0.175246255928406,1.3413653032446593,0.0
febmgo,seed_5,60,-442.5732524051617,78,0.1646039199302363,1.3696452147471145,0.0
febmgo,seed_5,61,-444.5074077995664,78,0.13980705589940703,1.550460723061116,0.0
febmgo,seed_5,62,-443.1201194957337,78,0.1575928033844415,1.2891983420597057,0.0
febmgo,seed_5,63,-442.11440643372373,78,0.17048656058969777,1.3504660569822935,0.0
febmgo,seed_5,64,-442.5373475523255,78,0.16506423855634159,2.249224726069002,0.0
febmgo,seed_5,65,-440.1635409796424,78,0.19549765615484313,1.4466783413518378,0.0
febmgo,seed_5,66,-443.1938117013256,78,0.15664803151787873,1.2681290577286308,0.0
febmgo,seed_5,67,-444.8715075613203,78,0.1351391102358956,2.002089917726451,0.0
febmgo,seed_5,68,-445.8412832557394,78,0.12270608851257346,2.155334408290848,0.0
febmgo,seed_5,69,-443.625294301025,78,0.15111620331660447,2.0717103228887694,0.0
febmgo,seed_5,70,-443.11185050798264,78,0.1576988160479169,2.196171433902691,0.0
febmgo,seed_5,71,-444.53898444732107,78,0.13940222708203956,1.7717691823233803,0.0
febmgo,seed_5,72,-446.05110405070235,78,0.12001607832074111,1.8864317465083946,0.0
febmgo,seed_5,73,-445.3847888708803,78,0.128558580626152,2.203184162245366,0.0
febmgo,seed_5,74,-444.4970084105221,78,0.13994038139997528,1.9057151461391353,0.0
febmgo,seed_5,75,-445.48375950061137,78,0.1272897263988306,2.3271151924688436,0.0
febmgo,seed_5,76,-446.51614940729297,78,0.11405395836445109,2.4369685276040816,0.0
febmgo,seed_5,77,-444.1534246897708,78,0.1443453008967864,2.1711332215469046,0.0
febmgo,seed_5,78,-446.47170085944117,78,0.11462381154203828,2.8992321721384737,0.0
febmgo,seed_5,79,-443.9865698176559,78,0.14648446592390085,2.3559290039916405,0.0
febmgo,seed_5,80,-442.6564245338437,78,0.16353761058816,2.203237916430025,0.3333333333333333
febmgo,seed_5,81,-448.7588366170716,78,0.08530155823908395,3.032044581627801,0.0
febmgo,seed_5,82,-443.5657055878107,78,0.15188016117832603,2.627748358561595,0.0
febmgo,seed_5,83,-446.3755330768312,78,0.11585673183191002,3.5984880608113237,0.0
febmgo,seed_5,84,-447.2163400196311,78,0.10507715564216734,2.5228525278076397,0.0
febmgo,seed_5,85,-447.8908046780294,78,0.0964301728421894,3.329499594397337,0.0
febmgo,seed_5,86,-443.472794046638,78,0.15307133478310456,2.316192035826303,0.0
febmgo,seed_5,87,-449.9369076321615,78,0.07019808368664972,3.6287841594531987,0.0
febmgo,seed_5,88,-448.1123442574695,78,0.09358992182372652,3.4925135361659834,0.0
febmgo,seed_5,89,-452.02627438956205,78,0.043411330386642424,4.201113771106156,0.0
febmgo,seed_5,90,-451.38802184838465,78,0.05159405527353209,4.193635774608202,0.0
febmgo,seed_5,91,-445.43934051670135,78,0.12785920055152317,4.809417672471346,0.3333333333333333
febmgo,seed_5,92,-442.5623509122111,78,0.16474368266037231,2.288090045319457,0.0
febmgo,seed_5,93,-451.9422921596504,78,0.04448802564192023,4.203771733783665,0.0
febmgo,seed_5,94,-446.90374381479666,78,0.10908479929389103,3.906766673455147,0.0
febmgo,seed_5,95,-449.5892909786525,78,0.07465470744958516,3.770350628929025,0.0
febmgo,seed_5,96,-451.10975546609006,78,0.05516157299525759,3.460272822425594,0.0
febmgo,seed_5,97,-452.1168518700797,78,0.04225008063641612,3.8343157525593003,0.0
febmgo,seed_5,98,-451.9478190150676,78,0.04441716852118688,4.3555642602282205,0.0
febmgo,seed_5,99,-452.9800882172244,78,0.031182947980714568,4.197757897261697,0.0
febmgo,seed_5,100,-445.5610841369839,78,0.12629838490687534,4.186726976522454,0.3333333333333333
femgo,seed_10,10,-410.4354807903296,75,0.35298464848529876,0.07624424242949424,nan
femgo,seed_10,11,-416.595780351164,75,0.2708473210075067,0.024721627962533077,nan
femgo,seed_10,12,-415.6553295022229,75,0.2833866656600549,0.6938913090649539,nan
femgo,seed_10,13,-392.88762943248537,75,0.5869559999232221,2.2298152826313,nan
femgo,seed_10,14,-414.9612955952755,75,0.29264045108602055,0.9429064054587464,nan
femgo,seed_10,15,-417.4305148917931,75,0.2597175271324522,0.003569219593208217,nan
femgo,seed_10,16,-414.7238069242532,75,0.2958069666996509,0.0727241705658983,nan
femgo,seed_10,17,-411.6718759225139,75,0.33649938005617513,0.8401765492755455,nan
femgo,seed_10,18,-416.64776498872686,75,0.27015419250666883,0.02714647303869988,nan
femgo,seed_10,19,-417.70696572584336,75,0.2560315160117822,0.019772027092757938,nan
femgo,seed_10,20,-418.50935522363966,75,0.24533298937449824,0.9596193889002915,nan
femgo,seed_10,21,-412.6186433755907,75,0.3238758140151511,0.030616633544862992,nan
femgo,seed_10,22,-417.8363883701515,75,0.2543058807543404,0.19529708662304834,nan
femgo,seed_10,23,-417.8418506841739,75,0.25423304990070844,0.09168539595670211,nan
femgo,seed_10,24,-417.5473306468775,75,0.25815998373132665,1.526342293900349,nan
femgo,seed_10,25,-418.8240680196397,75,0.2411368187611644,1.9740492651750667,nan
femgo,seed_10,26,-421.1855810260531,75,0.20964997867565216,1.1207407708945496,nan
femgo,seed_10,27,-418.1228844384495,75,0.2504859331770338,0.8066578787529277,nan
femgo,seed_10,28,-418.52115682643677,75,0.24517563467053682,0.7169635944803474,nan
femgo,seed_10,29,-420.1571128508837,75,0.22336288767791074,0.8029597154832295,nan
femgo,seed_10,30,-420.78170247029584,75,0.21503502608574915,1.8667523282028657,nan
femgo,seed_10,31,-420.3257145228567,75,0.22111486538493788,0.9894394551257832,nan
femgo,seed_10,32,-420.5022373336112,75,0.21876122790821076,2.115498870000346,nan
femgo,seed_10,33,-420.51285623226516,75,0.21861964259282482,1.843182501521376,nan
femgo,seed_10,34,-422.76983903708043,75,0.18852653852862128,1.744608595512858,nan
femgo,seed_10,35,-419.2726847758842,75,0.2351552620112375,1.7393440874622677,nan
femgo,seed_10,36,-421.7074914940488,75,0.20269117243570994,1.46332350807206,nan
femgo,seed_10,37,-425.1063096483612,75,0.15737359704487744,2.417347867140606,nan
femgo,seed_10,38,-426.03830319287306,75,0.14494701645138625,2.465472848658166,nan
femgo,seed_10,39,-425.025256044438,75,0.15845431176385394,2.553830048295694,nan
femgo,seed_10,40,-423.35728150801646,75,0.18069397224947428,2.5083185180233603,nan
femgo,seed_10,41,-426.6189291138718,75,0.13720533750473654,2.141746732800412,nan
femgo,seed_10,42,-421.3701175980564,75,0.20718949104894135,1.0709238701957524,nan
femgo,seed_10,43,-427.64477656238734,75,0.12352737152452922,2.739391201751097,nan
femgo,seed_10,44,-427.1949399319109,75,0.12952519326421527,2.3881459923525004,nan
femgo,seed_10,45,-427.86833188560706,75,0.12054663388159952,2.6695684948723404,nan
femgo,seed_10,46,-426.37330594948304,75,0.1404803130299198,2.736030095322782,nan
femgo,seed_10,47,-427.2466899456472,75,0.12883519308106467,3.063492011820859,nan
femgo,seed_10,48,-425.0832286124091,75,0.15768134419090604,2.2978223438422525,nan
femgo,seed_10,49,-426.26911700310166,75,0.14186949898167162,3.0169203487701193,nan
femgo,seed_10,50,-427.42912941215565,75,0.12640266686095175,2.7148894024616013,nan
femgo,seed_10,51,-427.7471474958445,75,0.12216242574510033,2.3930032266684957,nan
femgo,seed_10,52,-428.5452915995119,75,0.11152050436286799,2.747702454992698,nan
femgo,seed_10,53,-428.9337168259918,75,0.10634150134313662,2.589155245333952,nan
femgo,seed_10,54,-426.82232755914276,75,0.13449335823445685,2.3448009754861516,nan
femgo,seed_10,55,-428.1483457366099,75,0.11681311586822858,2.9584778563165752,nan
femgo,seed_10,56,-429.23770829574454,75,0.10228828174643316,2.8531556587966893,nan
femgo,seed_10,57,-429.50837337401805,75,0.0986794140361197,2.7743888695441328,nan
femgo,seed_10,58,-428.07053799498794,75,0.11785055242318776,2.7438977345360396,nan
femgo,seed_10,59,-428.61124216618134,75,0.11064116347394247,2.7459634584931454,nan
femgo,seed_10,60,-426.28304083378947,75,0.14168384790583408,2.1755258648744054,nan
femgo,seed_10,61,-427.75970920506796,75,0.1219949362887875,2.8301049650097827,nan
femgo,seed_10,62,-425.6037360016729,75,0.15074124566738797,2.787652810964042,nan
femgo,seed_10,63,-427.4176466168747,75,0.12655577079803076,2.852235210525768,nan
femgo,seed_10,64,-428.94088478183704,75,0.10624592859853313,2.840120910580641,nan
femgo,seed_10,65,-428.9888296780392,75,0.10560666331583737,2.860123624665345,nan
femgo,seed_10,66,-427.0065466410057,75,0.1320371038096179,2.800143921454376,nan
femgo,seed_10,67,-429.1425049021907,75,0.1035576603271511,2.7807076254066185,nan
femgo,seed_10,68,-430.18231255037654,75,0.08969355835133987,2.777046886383113,nan
femgo,seed_10,69,-429.8620853922356,75,0.09396325379321903,2.76601621207724,nan
femgo,seed_10,70,-429.950361483346,75,0.09278623924508035,2.7425851410485222,nan
femgo,seed_10,71,-429.01132220536124,75,0.10530676295154384,2.9373014599744476,nan
femgo,seed_10,72,-429.30731243486264,75,0.10136022655819185,2.8553625112438468,nan
femgo,seed_10,73,-429.15495438854293,75,0.10339166717578792,2.7440432474970518,nan
femgo,seed_10,74,-430.1663310140786,75,0.0899066455019791,2.7869241794268103,nan
femgo,seed_10,75,-430.18030052498204,75,0.08972038535659976,2.828382060042756,nan
femgo,seed_10,76,-430.15504202533833,75,0.09005716535184925,2.826824318182828,nan
femgo,seed_10,77,-430.04937532140406,75,0.0914660547376396,2.806044531690759,nan
femgo,seed_10,78,-429.0773772599224,75,0.10442602889072836,2.749847894102956,nan
femgo,seed_10,79,-430.24502048136367,75,0.08885745260484479,2.720162582730735,nan
femgo,seed_10,80,-429.134839595914,75,0.10365986441084032,2.6691421947938405,nan
femgo,seed_10,81,-429.51699631437907,75,0.09856444149797274,2.8519509034729893,nan
femgo,seed_10,82,-430.02841117376374,75,0.09174557670617711,2.780266001234244,nan
femgo,seed_10,83,-429.50199764550246,75,0.09876442374966093,2.414672888622725,nan
femgo,seed_10,84,-430.06214569956086,75,0.09129578302888225,2.7489314698891505,nan
femgo,seed_10,85,-430.2767977569244,75,0.08843375559736842,2.717726313810532,nan
femgo,seed_10,86,-430.19715208708374,75,0.08949569786191053,2.73840746401895,nan
femgo,seed_10,87,-429.98501465031495,75,0.09232419701882767,2.819419691202837,nan
femgo,seed_10,88,-430.26394161753683,75,0.08860517078920263,2.737367165653591,nan
femgo,seed_10,89,-430.29598013280463,75,0.08817799058563196,2.850257879968641,nan
femgo,seed_10,90,-429.44837673978293,75,0.09947936915925462,2.7701988648538176,nan
femgo,seed_10,91,-430.32448675737226,75,0.08779790225806361,2.721099535107996,nan
femgo,seed_10,92,-429.1678447689082,75,0.1032197954375844,2.7669662357473523,nan
femgo,seed_10,93,-429.89125106535266,75,0.09357437815165819,2.7226260322051363,nan
femgo,seed_10,94,-430.26442562091836,75,0.08859871741078224,2.765271302205173,nan
femgo,seed_10,95,-430.0405323272539,75,0.09158396132630818,2.7090052656147403,nan
femgo,seed_10,96,-430.35282857112554,75,0.08742001140801979,2.7334862941321454,nan
femgo,seed_10,97,-430.3734228944884,75,0.08714542042984855,2.7226725613704055,nan
femgo,seed_10,98,-430.1221416290999,75,0.0904958373016954,2.739819654157907,nan
femgo,seed_10,99,-430.46581146502115,75,0.08591357282274506,2.7810466165027794,nan
femgo,seed_10,100,-429.23523616574306,75,0.10232124347978622,2.802321938710419,nan
femgo,seed_11,10,-418.1882761953942,75,0.24961404308443738,0.1767272631995649,nan
femgo,seed_11,11,-399.5251743190776,75,0.4984554014353254,0.3831004655476704,nan
femgo,seed_11,12,-411.3818967464053,75,0.3403657690709565,1.9127666298787585,nan
femgo,seed_11,13,-417.5816323334577,75,0.25770262791025744,0.00288925620643532,nan
femgo,seed_11,14,-411.2384200448428,75,0.342278791758456,1.6081667679169005,nan
femgo,seed_11,15,-417.18445561970503,75,0.2629983174269599,0.026592682980433935,nan
femgo,seed_11,16,-417.59704021731056,75,0.25749718945888617,0.013877665732145772,nan
femgo,seed_11,17,-415.9819426257194,75,0.27903182401343507,0.6881479190741491,nan
femgo,seed_11,18,-417.59343210322436,75,0.25754529764670225,0.019409157481762307,nan
femgo,seed_11,19,-414.5992863735166,75,0.29746724070947267,0.4765709359255972,nan
femgo,seed_11,20,-416.5544910648493,75,0.27139784482503654,0.5109107241343533,nan
femgo,seed_11,21,-411.51748599886844,75,0.33855791237144783,2.0798276562558318,nan
femgo,seed_11,22,-418.1306705238767,75,0.2503821187046712,0.028191593361663436,nan
femgo,seed_11,23,-416.97200099445786,75,0.2658310457635889,0.21323356330011123,nan
femgo,seed_11,24,-416.6405949598135,75,0.2702497928921806,0.2682593531536348,nan
femgo,seed_11,25,-412.1192760275689,75,0.33053404532210834,0.7730660689225175,nan
femgo,seed_11,26,-417.3747124144469,75,0.2604615601637352,0.3994348076226153,nan
femgo,seed_11,27,-414.9620794711971,75,0.2926299994070655,0.7460914946890025,nan
femgo,seed_11,28,-417.82986807166185,75,0.2543928180675357,0.3103720410082804,nan
femgo,seed_11,29,-416.23849132525504,75,0.27561117468629315,1.2216845448550924,nan
femgo,seed_11,30,-419.15485383436913,75,0.23672634123143857,0.42350741747470266,nan
femgo,seed_11,31,-416.41668734378464,75,0.2732352277725651,2.1009780848012944,nan
femgo,seed_11,32,-419.7023400057092,75,0.22942652561357135,0.8231776399701367,nan
femgo,seed_11,33,-422.4396162824279,75,0.19292950859065514,1.6629255794754307,nan
femgo,seed_11,34,-419.75787216123604,75,0.2286860968732132,0.8143278370088218,nan
femgo,seed_11,35,-422.7476846257287,75,0.18882193067997757,0.9027147483951303,nan
femgo,seed_11,36,-425.5716899454047,75,0.15116852641763065,2.0943604419565567,nan
femgo,seed_11,37,-424.2626872001638,75,0.1686218963541766,2.497192642079698,nan
femgo,seed_11,38,-424.3626012462697,75,0.1672897090727641,2.613541557403259,nan
femgo,seed_11,39,-425.2265744801315,75,0.15577006595460716,2.363517264558899,nan
femgo,seed_11,40,-424.5598326688836,75,0.16465995677124587,3.8656778186492513,nan
femgo,seed_11,41,-419.04379666652005,75,0.23820710346942633,3.47547537298324,nan
femgo,seed_11,42,-424.7713624786474,75,0.1618395593077283,2.5774569564194447,nan
femgo,seed_11,43,-423.05856819094043,75,0.18467681647715456,2.774234762027131,nan
femgo,seed_11,44,-427.0505374662867,75,0.1314505594725377,2.086519368285133,nan
femgo,seed_11,45,-420.5367751830991,75,0.2183007232483722,2.249402462914267,nan
femgo,seed_11,46,-428.680619754807,75,0.10971612895893335,2.337618945225209,nan
femgo,seed_11,47,-427.9186659192204,75,0.11987551343342147,2.353932786783737,nan
femgo,seed_11,48,-428.6707894726242,75,0.1098471993880374,2.344333393662424,nan
femgo,seed_11,49,-427.9240532568243,75,0.11980368226536939,2.6797789782868815,nan
femgo,seed_11,50,-428.61784078227464,75,0.11055318192603181,2.423680990516676,nan
femgo,seed_11,51,-428.3645606823714,75,0.11393024992474163,3.7979067980111534,nan
femgo,seed_11,52,-428.4599278242726,75,0.11265868803272573,2.005102902228588,nan
femgo,seed_11,53,-426.4830754687365,75,0.13901671943987368,3.211290632041928,nan
femgo,seed_11,54,-428.65237016639384,75,0.11009279013777587,2.371802174621708,nan
femgo,seed_11,55,-429.88453295476813,75,0.09366395295945192,2.36974211025022,nan
femgo,seed_11,56,-428.5870986620003,75,0.11096307686302301,3.0408199811260115,nan
femgo,seed_11,57,-429.05453674300344,75,0.10473056911631451,2.440318082929066,nan
femgo,seed_11,58,-428.29584469535155,75,0.11484646308500639,3.382208491648006,nan
femgo,seed_11,59,-428.8170584483244,75,0.10789694637870147,2.366633424203105,nan
femgo,seed_11,60,-428.55916498052,75,0.11133552594942708,1.9097215709619473,nan
femgo,seed_11,61,-430.30834357047985,75,0.08801314474996237,2.016415686131756,nan
femgo,seed_11,62,-429.34206857821016,75,0.10089681131355822,2.273531335879113,nan
femgo,seed_11,63,-429.772489225255,75,0.09515786935296015,3.111552317667181,nan
femgo,seed_11,64,-430.4943697209928,75,0.08553279607645664,2.3088583021756452,nan
femgo,seed_11,65,-430.5760728665999,75,0.08444342080169538,2.332452580984002,nan
femgo,seed_11,66,-430.48350128285097,75,0.08567770858501414,2.3227912881002393,nan
femgo,seed_11,67,-430.42532059640865,75,0.08645345107091164,2.310516298301069,nan
femgo,seed_11,68,-430.6441672638823,75,0.08353549550459623,2.4082807596206823,nan
femgo,seed_11,69,-430.3727363513179,75,0.08715457433878858,2.473640433840485,nan
femgo,seed_11,70,-430.5423594711729,75,0.08489293274072149,3.0236448409873145,nan
femgo,seed_11,71,-430.66009770881374,75,0.0833230895721772,2.3862708216885213,nan
femgo,seed_11,72,-430.0343418527268,75,0.09166650098666954,2.277135658396574,nan
femgo,seed_11,73,-430.44772988024084,75,0.08615466061981579,2.390228902491538,nan
femgo,seed_11,74,-430.7747732301952,75,0.08179408262042444,2.3134850572784273,nan
femgo,seed_11,75,-430.64179123954796,75,0.08356717582905428,2.3580100505337853,nan
femgo,seed_11,76,-430.53273214094554,75,0.08502129714375314,2.317743346179448,nan
femgo,seed_11,77,-430.51889930875336,75,0.08520573490631553,2.3777312242817796,nan
femgo,seed_11,78,-430.86928847074904,75,0.08053387941303981,2.4278935746204677,nan
femgo,seed_11,79,-431.31252251849884,75,0.07462409210970918,2.9303975634107964,nan
femgo,seed_11,80,-430.8769218063836,75,0.08043210160457875,2.68707358458739,nan
femgo,seed_11,81,-431.06087370104166,75,0.07797940967580493,2.922398849035316,nan
femgo,seed_11,82,-430.38256340145637,75,0.0870235470036088,2.3429999547278744,nan
femgo,seed_11,83,-430.3947659773788,75,0.08686084599130936,2.3363741672502663,nan
femgo,seed_11,84,-430.8669734622028,75,0.08056474619365644,3.118812633615521,nan
femgo,seed_11,85,-430.12220407321774,75,0.09049500471345709,4.164333288981544,nan
femgo,seed_11,86,-430.187776513651,75,0.08962070550768052,2.3831024386197193,nan
femgo,seed_11,87,-431.10840564549846,75,0.07734565041638082,2.5374780071950997,nan
femgo,seed_11,88,-431.29136550846,75,0.07490618557689382,2.9590392336235194,nan
femgo,seed_11,89,-430.082456647866,75,0.09102497038481336,3.75712427689807,nan
femgo,seed_11,90,-431.4878329015287,75,0.07228662033597781,2.8804676080945146,nan
femgo,seed_11,91,-431.2509197619082,75,0.07544546219758407,2.393986702078772,nan
femgo,seed_11,92,-431.00598792127477,75,0.0787112200726968,2.850778998712917,nan
femgo,seed_11,93,-430.5419914187292,75,0.08489784010663773,2.483348515785428,nan
femgo,seed_11,94,-431.4781225864953,75,0.07241609120308946,2.906100558959892,nan
femgo,seed_11,95,-430.22965976148663,75,0.08906226220320529,2.7998552611606122,nan
femgo,seed_11,96,-431.5567038861541,75,0.07136834054097259,2.8832258946804465,nan
femgo,seed_11,97,-431.31295794109366,75,0.0746182864751116,2.6288947258457274,nan
femgo,seed_11,98,-431.5188263389185,75,0.07187337450411406,2.9115371219088555,nan
femgo,seed_11,99,-431.775531417996,75,0.06845064011641398,3.486254328641044,nan
femgo,seed_11,100,-431.6116283938662,75,0.07063601377147734,2.5663864486211168,nan
femgo,seed_12,10,-417.0845344084007,75,0.26433060024435084,0.00982319682891486,nan
femgo,seed_12,11,-417.0284458144263,75,0.26507844816401,0.002593540196905053,nan
femgo,seed_12,15,-403.6707544593103,75,0.4431809995655567,0.2324628277804326,nan
femgo,seed_12,16,-411.5851414201879,75,0.33765584008718863,0.5515931639320382,nan
femgo,seed_12,17,-416.5898533134084,75,0.27092634817758154,0.15401506931662112,nan
femgo,seed_12,18,-416.4187153752305,75,0.27320818735328734,0.03828981182338431,nan
femgo,seed_12,19,-415.83608331233773,75,0.2809766148585239,2.4148521599140764,nan
femgo,seed_12,20,-405.82564877007337,75,0.41444907542204873,2.6318810785159528,nan
femgo,seed_12,21,-415.9308071455891,75,0.27971363041517255,0.050699408068062723,nan
femgo,seed_12,22,-417.1610089765335,75,0.26331093933591393,0.0078090708014944,nan
femgo,seed_12,23,-413.28352283287836,75,0.3150107545846489,0.6053094855170595,nan
femgo,seed_12,24,-415.36622242299575,75,0.28724142671641706,0.11075448053442649,nan
femgo,seed_12,25,-400.3949680755703,75,0.4868581513487561,1.1951795592282934,nan
femgo,seed_12,26,-413.28979186543387,75,0.31492716748390875,0.7699678731349966,nan
femgo,seed_12,27,-405.51923681835245,75,0.41853456811166095,1.3306241196669877,nan
femgo,seed_12,28,-411.7815626278087,75,0.33503689065224457,0.49857167956797177,nan
femgo,seed_12,29,-415.97327479516895,75,0.2791473950874411,2.780969593158739,nan
femgo,seed_12,30,-431.0578416454526,75,0.07801983708365924,3.98664003112685,nan
femgo,seed_12,31,-418.121103627207,75,0.2505096773269338,0.269902494302217,nan
femgo,seed_12,32,-429.1265230674291,75,0.10377075145730563,4.637023139592111,nan
femgo,seed_12,33,-419.255413407819,75,0.2353855469187738,0.7548391514356041,nan
femgo,seed_12,34,-429.8988458018356,75,0.09347311499855247,4.305133744944172,nan
femgo,seed_12,35,-430.44575027666286,75,0.08618105533418884,4.541796960295429,nan
femgo,seed_12,36,-422.19842765079306,75,0.19614535701245284,0.9907652990051314,nan
femgo,seed_12,37,-430.240726906049,75,0.08891470027570676,3.898499468133119,nan
femgo,seed_12,38,-432.95934105152185,75,0.0526665116694024,4.1615718055587525,nan
femgo,seed_12,39,-430.9750029709678,75,0.07912435274345625,4.061376892894476,nan
femgo,seed_12,40,-431.716749631481,75,0.06923439726994729,4.168524133372692,nan
femgo,seed_12,41,-431.5562173233733,75,0.0713748280447165,5.08542287020596,nan
femgo,seed_12,42,-424.1962217865874,75,0.16950810186852852,1.5241439057963309,nan
femgo,seed_12,43,-429.88747146479307,75,0.09362477282578614,3.860639821451983,nan
femgo,seed_12,44,-430.05169147797557,75,0.09143517265001946,3.633901115949996,nan
femgo,seed_12,45,-431.4123903282794,75,0.07329252131263501,4.210515602200999,nan
femgo,seed_12,46,-430.92001140594954,75,0.07985757361036652,4.481399745984543,nan
femgo,seed_12,47,-432.7017903519636,75,0.056100520996845565,4.256127059052467,nan
femgo,seed_12,48,-432.5866718654658,75,0.05763543415014965,4.30701214770869,nan
femgo,seed_12,49,-426.61804015704803,75,0.13721719026238663,4.2188960731810266,nan
femgo,seed_12,50,-428.69386345801666,75,0.10953954624947149,4.044271195355035,nan
femgo,seed_12,51,-430.6843283202709,75,0.08300001475274864,3.1944515235807796,nan
femgo,seed_12,52,-431.4832560567721,75,0.07234764493273209,3.26787194393647,nan
femgo,seed_12,53,-432.97489927238064,75,0.052459068724618495,4.367557922756989,nan
femgo,seed_12,54,-432.98622470041335,75,0.052308063017515755,4.202727975646374,nan
femgo,seed_12,55,-431.5767803941373,75,0.071100653767863,4.677436329327337,nan
femgo,seed_12,56,-430.97496651810366,75,0.07912483878164495,2.7084171674835744,nan
femgo,seed_12,57,-429.1860760435793,75,0.10297671177530295,3.0824421767629318,nan
femgo,seed_12,58,-429.90819394601965,75,0.09334847307609834,4.081677964806273,nan
femgo,seed_12,59,-433.27299663260493,75,0.0484844372549613,4.004162447787774,nan
femgo,seed_12,60,-429.1726562173949,75,0.10315564279109518,3.7318725226693807,nan
femgo,seed_12,61,-428.55003744274615,75,0.11145722645307841,4.014137070051648,nan
femgo,seed_12,62,-430.96828792668293,75,0.07921388666725458,4.507089221235205,nan
femgo,seed_12,63,-432.8974850556995,75,0.053491258280366764,4.254586088405496,nan
femgo,seed_12,64,-432.83639136231204,75,0.05430584085886646,4.045848960463799,nan
femgo,seed_12,65,-431.5249336452742,75,0.0717919437527045,2.8874188317181293,nan
femgo,seed_12,66,-432.56036216038717,75,0.05798623021786473,4.247712238511697,nan
femgo,seed_12,67,-431.64403125157565,75,0.07020397566868496,2.996316999563428,nan
femgo,seed_12,68,-430.7223231986341,75,0.08249341637457216,4.271343967726999,nan
femgo,seed_12,69,-433.213926860629,75,0.04927203421464052,4.371528627786359,nan
femgo,seed_12,70,-428.5506020766013,75,0.11144969800167624,5.366871922439495,nan
femgo,seed_12,71,-431.2777090932468,75,0.07508827111306952,4.243304870140387,nan
femgo,seed_12,72,-431.9444469565384,75,0.06619843293584836,4.047917859767779,nan
femgo,seed_12,73,-433.24115452268256,75,0.04890899872059284,4.379776039760273,nan
femgo,seed_12,74,-431.97761450667537,75,0.06575619893402215,4.259936887200052,nan
femgo,seed_12,75,-433.27203711041307,75,0.048497230884186136,4.252142463728841,nan
femgo,seed_12,76,-431.9005960527212,75,0.06678311165341104,4.906936286865459,nan
femgo,seed_12,77,-433.3012469349544,75,0.04810776655696827,3.9582849825476316,nan
femgo,seed_12,78,-432.96754683766204,75,0.05255710118753314,4.187857305811949,nan
femgo,seed_12,79,-432.2910452654787,75,0.06157712214997749,4.037612485015952,nan
femgo,seed_12,80,-430.967950989318,75,0.07921837916545352,4.489765093433514,nan
femgo,seed_12,81,-432.24651079555724,75,0.06217091508226379,4.290667368367288,nan
femgo,seed_12,82,-432.50330606412416,75,0.058746978168038214,3.158552063685912,nan
femgo,seed_12,83,-433.2075113678111,75,0.0493575741188791,4.073530679590922,nan
femgo,seed_12,84,-433.2685939791041,75,0.048543139301639254,3.8761921057415076,nan
femgo,seed_12,85,-432.88469301885004,75,0.053661818771693105,4.201350919704375,nan
femgo,seed_12,86,-431.4895162376115,75,0.07226417585487373,5.001057479490996,nan
femgo,seed_12,87,-433.0316065160488,75,0.05170297214237659,4.197028910527006,nan
femgo,seed_12,88,-433.12306692368384,75,0.05048350004057587,4.10456833038892,nan
femgo,seed_12,89,-430.18422837477124,75,0.08966801402607719,4.383297320926417,nan
femgo,seed_12,90,-432.29594457185,75,0.061511798065027205,3.316953391964649,nan
femgo,seed_12,91,-431.54839200943405,75,0.07147916556390631,3.9072140816498795,nan
femgo,seed_12,92,-433.1503121853982,75,0.05012022988438427,4.413400869395444,nan
femgo,seed_12,93,-432.0853441555557,75,0.06431980361561804,4.539871750002192,nan
femgo,seed_12,94,-433.3300219247504,75,0.04772410002635524,4.24418232096164,nan
femgo,seed_12,95,-433.87171320909425,75,0.04050154956843698,4.385815113657737,nan
femgo,seed_12,96,-432.44466237028496,75,0.059528894085894235,4.32014424866901,nan
femgo,seed_12,97,-433.0378662232798,75,0.05161950937929608,4.230530087570219,nan
femgo,seed_12,98,-432.78251129490553,75,0.05502424175761993,4.289150245593747,nan
femgo,seed_12,99,-433.21944542546726,75,0.04919845335013027,4.405330749440056,nan
femgo,seed_12,100,-433.26418027937245,75,0.048601988631394304,3.8695709220509915,nan
femgo,seed_13,10,-414.6787960057113,75,0.29640711228020944,0.7081132862488975,nan
femgo,seed_13,11,-408.9132393093353,75,0.3732812015652227,2.133816025159911,nan
femgo,seed_13,12,-417.0445909359733,75,0.2648631798767163,0.08540999221774292,nan
femgo,seed_13,13,-412.51043311891914,75,0.3253186174374385,0.008764357081840757,nan
femgo,seed_13,14,-415.81474096366924,75,0.2812611795074372,0.051292700479175224,nan
femgo,seed_13,15,-413.022630529675,75,0.3184893186273606,0.021035841228753682,nan
femgo,seed_13,16,-411.2833405704468,75,0.34167985141706975,2.48160990297583,nan
femgo,seed_13,17,-417.3715085772817,75,0.26050427799260434,0.005767631574608245,nan
femgo,seed_13,18,-418.1173791987099,75,0.2505593363735617,0.024882953627548332,nan
femgo,seed_13,19,-417.6766411890579,75,0.25643584316892204,0.036525590197795665,nan
femgo,seed_13,20,-420.51991588730414,75,0.21852551385897187,0.3217704092851825,nan
femgo,seed_13,21,-408.44885204710107,75,0.37947303172834607,0.21090759211320353,nan
femgo,seed_13,22,-414.09591130244337,75,0.3041789083237821,0.15598456724488763,nan
femgo,seed_13,23,-420.2862612880269,75,0.221640908516002,0.4797568197972417,nan
femgo,seed_13,24,-418.7955338428557,75,0.24151727445161744,0.38171927973291986,nan
femgo,seed_13,25,-410.75394169876574,75,0.3487385030394838,1.5594850418625708,nan
femgo,seed_13,26,-420.1524650087943,75,0.22342485890576957,1.7720553556795178,nan
femgo,seed_13,27,-418.3414826775538,75,0.24757128998897618,1.7245196523879986,nan
femgo,seed_13,28,-417.0606677576459,75,0.26464882225441516,2.5362866722773987,nan
femgo,seed_13,29,-416.0634356868664,75,0.2779452498648084,1.0424768784139875,nan
femgo,seed_13,30,-416.4575773991034,75,0.2726900270349817,0.46222901305133846,nan
femgo,seed_13,31,-417.9108781499468,75,0.25331268369040266,2.084310934543396,nan
femgo,seed_13,32,-418.5799026244509,75,0.24439235736368195,2.6252907329227586,nan
femgo,seed_13,33,-415.3628655787239,75,0.28728618464004135,3.6222884372675885,nan
femgo,seed_13,34,-419.0494548233202,75,0.23813166137875744,1.478317995009352,nan
femgo,seed_13,35,-418.44824031868757,75,0.24614785477385945,4.34654219571194,nan
femgo,seed_13,36,-420.3867949738044,75,0.2203004593723017,2.001771393965024,nan
femgo,seed_13,37,-420.06299895307643,75,0.22461773964867462,2.182444087594348,nan
femgo,seed_13,38,-415.9093199222816,75,0.2800001267259389,2.119570689047663,nan
femgo,seed_13,39,-421.219672891947,75,0.20919542046373332,1.4701351813186658,nan
femgo,seed_13,40,-421.9815580440943,75,0.19903695176843636,1.5718424061220837,nan
femgo,seed_13,41,-425.89575060456144,75,0.14684771762887447,2.661740840001684,nan
femgo,seed_13,42,-424.28199609901134,75,0.16836444436954254,2.373118812723522,nan
femgo,seed_13,43,-422.6071636581592,75,0.19069554358090424,2.9649307658968915,nan
femgo,seed_13,44,-427.34393848217354,75,0.1275385459273798,2.63924165994929,nan
femgo,seed_13,45,-423.99710014561447,75,0.1721630570815008,1.7896937874667387,nan
femgo,seed_13,46,-430.10568871557643,75,0.0907152094820079,3.1055378506300872,nan
femgo,seed_13,47,-425.19443330860247,75,0.15619861490832743,3.57276684135239,nan
femgo,seed_13,48,-430.47524701008183,75,0.08578776555526929,3.334226145590078,nan
femgo,seed_13,49,-430.2185792852929,75,0.0892100018857885,3.137151568996366,nan
femgo,seed_13,50,-428.7245725627659,75,0.10913009151948169,2.7945839860248167,nan
femgo,seed_13,51,-430.96596339355597,75,0.0792448804422808,3.130737509877825,nan
femgo,seed_13,52,-428.0024539204995,75,0.118758340083034,2.82283105302508,nan
femgo,seed_13,53,-427.27543177413565,75,0.1284519687012183,2.4376682335296618,nan
femgo,seed_13,54,-430.50789474369066,75,0.08535246244048494,3.0971626264255363,nan
femgo,seed_13,55,-431.4062516392411,75,0.07337437049981266,2.4858611152585777,nan
femgo,seed_13,56,-429.76862152013575,75,0.09520943875455032,3.2606062966459692,nan
femgo,seed_13,57,-428.116001712241,75,0.11724436952648072,2.8166198222351113,nan
femgo,seed_13,58,-429.79273130013655,75,0.09488797502120633,2.551740442590429,nan
femgo,seed_13,59,-428.42314092950915,75,0.11314917996290509,3.5422312726727707,nan
femgo,seed_13,60,-429.58345319421164,75,0.09767834976687179,2.5292836864502117,nan
femgo,seed_13,61,-431.13112623171384,75,0.07704270926684255,2.9586120238181373,nan
femgo,seed_13,62,-428.95497210852295,75,0.10605809757605433,2.716712356705088,nan
femgo,seed_13,63,-430.9120462761873,75,0.07996377534052954,2.749069111657837,nan
femgo,seed_13,64,-430.5204176736696,75,0.08518549004076552,3.141755544092124,nan
femgo,seed_13,65,-429.93268928897186,75,0.09302186850340224,2.60672455278527,nan
femgo,seed_13,66,-430.76192879933996,75,0.08196534169849429,4.15018383490048,nan
femgo,seed_13,67,-431.3759822476403,75,0.0737779623878229,3.6686069823585026,nan
femgo,seed_13,68,-430.110990595972,75,0.09064451774340038,3.012429177583474,nan
femgo,seed_13,69,-432.12571571533203,75,0.06378151615193323,2.6347911131754547,nan
femgo,seed_13,70,-428.3557317660791,75,0.11404796880863917,3.1455703651135423,nan
femgo,seed_13,71,-432.5239299310603,75,0.05847199327555624,2.7627162076219154,nan
femgo,seed_13,72,-432.7040306664839,75,0.056070650136574994,2.725258481231739,nan
femgo,seed_13,73,-432.48483238540217,75,0.0589932938843314,2.5501229437361523,nan
femgo,seed_13,74,-432.3333347957631,75,0.061013261746185585,2.5676060762487385,nan
femgo,seed_13,75,-431.2005735390627,75,0.07611674516885766,2.6336328799702002,nan
femgo,seed_13,76,-431.9945541312429,75,0.06553033727312141,2.8056600344334495,nan
femgo,seed_13,77,-432.1894702061244,75,0.06293145627470191,3.4984447095734232,nan
femgo,seed_13,78,-431.8979007286154,75,0.06681904930815487,2.6140635769499116,nan
femgo,seed_13,79,-432.7355268578255,75,0.05565070091868696,3.5913635017110863,nan
femgo,seed_13,80,-430.4418989380852,75,0.08623240651522414,4.114838174871661,nan
femgo,seed_13,81,-433.6185495362208,75,0.04387706520674935,3.466489843701906,nan
femgo,seed_13,82,-434.9824398261545,75,0.025691861340966776,3.149372638108103,nan
femgo,seed_13,83,-432.9347281522481,75,0.05299468365971886,3.2155350266643534,nan
femgo,seed_13,84,-433.1422810494823,75,0.050227311696596645,2.903815696580244,nan
femgo,seed_13,85,-435.23433384677907,75,0.022333274399306144,2.9745915280433604,nan
femgo,seed_13,86,-435.0728926285373,75,0.024485823975862787,2.850978512390853,nan
femgo,seed_13,87,-433.46202230949694,75,0.045964094896401096,4.390077135169177,nan
femgo,seed_13,88,-435.0944572100849,75,0.02419829622189506,3.022677382202966,nan
femgo,seed_13,89,-435.1649698226364,75,0.023258128054541582,3.0243278952858113,nan
femgo,seed_13,90,-434.3547877168627,75,0.03406055613152451,2.7509305860339452,nan
femgo,seed_13,91,-434.9643902166372,75,0.025932522801197896,2.736522002144943,nan
femgo,seed_13,92,-435.6783580333653,75,0.01641295191148932,2.965200906542737,nan
femgo,seed_13,93,-435.3131264400144,75,0.02128270648950168,3.3096405372428936,nan
femgo,seed_13,94,-435.64127182825484,75,0.01690743464629577,2.955623391851624,nan
femgo,seed_13,95,-435.7477585976184,75,0.015487611054782064,2.944644751942958,nan
femgo,seed_13,96,-434.745860452409,75,0.028846252990907335,2.9187317603438725,nan
femgo,seed_13,97,-435.5257177176057,75,0.018448156121617862,2.640713709245924,nan
femgo,seed_13,98,-435.23637848949664,75,0.022306012496405098,3.3753666254715338,nan
femgo,seed_13,99,-435.64633718321994,75,0.01683989658009447,2.6711610301809525,nan
femgo,seed_13,100,-435.280461206661,75,0.021718242934213473,3.0790277342709906,nan
femgo,seed_14,10,-409.84083223289105,75,0.36091329591781307,0.0936928443310574,nan
femgo,seed_14,11,-417.23514071203,75,0.26232251619596053,0.009990312851101635,nan
femgo,seed_14,12,-404.84238704587034,75,0.42755923174475585,0.5656751996964129,nan
femgo,seed_14,13,-413.3966182243987,75,0.31350281603104424,2.1527644299658864,nan
femgo,seed_14,14,-416.6563740767959,75,0.27003940466574855,0.019883122960075994,nan
femgo,seed_14,15,-412.08123665951126,75,0.3310412368962102,0.0656149784858524,nan
femgo,seed_14,16,-417.9920315537232,75,0.2522306383067174,0.01777008861246543,nan
femgo,seed_14,17,-415.4213664609901,75,0.2865061728764923,0.2410422941699526,nan
femgo,seed_14,18,-416.36489796339157,75,0.27392575284447274,0.45966352144341194,nan
femgo,seed_14,19,-409.36764169556136,75,0.3672225030822089,2.4872689697151404,nan
femgo,seed_14,20,-404.06343980967256,75,0.4379451948940596,0.040561903242005926,nan
femgo,seed_14,21,-419.51230865977266,75,0.23196027689272494,3.603150581877033,nan
femgo,seed_14,22,-404.3043284552251,75,0.43473334628669213,3.557232817728144,nan
femgo,seed_14,23,-426.1455284748164,75,0.1435173460254752,3.748403024993044,nan
femgo,seed_14,24,-417.72787136934323,75,0.2557527740984506,0.16577747349637484,nan
femgo,seed_14,25,-420.49088853126153,75,0.21891254527287327,4.843510687697659,nan
femgo,seed_14,26,-428.35032148204004,75,0.11412010592915976,3.7710997886318403,nan
femgo,seed_14,27,-428.1749058726453,75,0.11645898072108972,3.4521694352330954,nan
femgo,seed_14,28,-429.19369732905614,75,0.10287509463561188,3.6957184286454208,nan
femgo,seed_14,29,-430.5756324011796,75,0.08444929367396602,2.1950834234849026,nan
femgo,seed_14,30,-425.23394084745183,75,0.15567184772366924,4.724624343120176,nan
femgo,seed_14,31,-429.49333624696936,75,0.09887990906343551,2.2419760450608397,nan
femgo,seed_14,32,-429.5407997849129,75,0.09824706189085494,2.186418424246913,nan
femgo,seed_14,33,-428.59889995058023,75,0.11080572634862391,2.27399035245835,nan
femgo,seed_14,34,-428.68420835603075,75,0.109668280942617,3.6997057404371407,nan
femgo,seed_14,35,-430.27187308614725,75,0.088499417874397,2.7817671403859467,nan
femgo,seed_14,36,-429.3022970218823,75,0.10142709873126327,2.196044617922876,nan
femgo,seed_14,37,-427.26980152266594,75,0.12852703872081445,2.3056149425446577,nan
femgo,seed_14,38,-429.0106391131972,75,0.10531587084706416,2.0964340755574025,nan
femgo,seed_14,39,-429.3254516604741,75,0.10111837021670605,2.54095839460855,nan
femgo,seed_14,40,-428.88781943861363,75,0.10695346650817858,2.8635170345834116,nan
femgo,seed_14,41,-429.53822357681463,75,0.09828141133216528,2.2366201023127363,nan
femgo,seed_14,42,-430.2037489905922,75,0.08940773914846431,2.278492030697624,nan
femgo,seed_14,43,-430.99130684102835,75,0.07890696780931572,2.261969570632843,nan
femgo,seed_14,44,-425.6833485507125,75,0.1496797450135273,3.1042406169218264,nan
femgo,seed_14,45,-430.05653604231406,75,0.09137057845883949,3.36669242637252,nan
femgo,seed_14,46,-429.24113052261845,75,0.10224265205478104,2.728562514510802,nan
femgo,seed_14,47,-431.11181550397265,75,0.07730018563672501,2.2420033201334046,nan
femgo,seed_14,48,-429.85206579691317,75,0.09409684839751814,2.455336903208913,nan
femgo,seed_14,49,-424.9535091693527,75,0.1594109367649912,2.648072541797225,nan
femgo,seed_14,50,-424.7983421948988,75,0.16147982975770978,3.1017121972942334,nan
femgo,seed_14,51,-431.12163689722416,75,0.07716923372670484,2.2470745751891528,nan
femgo,seed_14,52,-429.19257847292573,75,0.1028900127173506,2.268110094289959,nan
femgo,seed_14,53,-432.5514812794051,75,0.058104641964292415,3.050459500686049,nan
femgo,seed_14,54,-432.1780753475191,75,0.06308338772277239,3.230363727210962,nan
femgo,seed_14,55,-424.18797621865747,75,0.1696180427742608,4.063580008251357,nan
femgo,seed_14,56,-431.7888334131603,75,0.06827328018088943,2.7927023582552515,nan
femgo,seed_14,57,-432.4799343164772,75,0.059058601469997335,3.205666819478589,nan
femgo,seed_14,58,-431.95842768520293,75,0.06601202322032122,3.317924771964739,nan
femgo,seed_14,59,-427.5914663871087,75,0.12423817386157755,3.227570526078619,nan
femgo,seed_14,60,-432.62991729037134,75,0.05705882848474251,2.84367852407423,nan
femgo,seed_14,61,-432.0841040503535,75,0.0643363383516468,2.8632599178724547,nan
femgo,seed_14,62,-433.1810370639844,75,0.04971056483656867,3.273502860349863,nan
femgo,seed_14,63,-431.7766048158423,75,0.06843632814512982,3.346008105646458,nan
femgo,seed_14,64,-432.79601374469337,75,0.054844209093782105,3.326921654681284,nan
femgo,seed_14,65,-432.6887711364648,75,0.05627411053682939,3.270409108567213,nan
femgo,seed_14,66,-432.9816934451502,75,0.0523684797543577,3.2094917211449694,nan
femgo,seed_14,67,-433.07968262260664,75,0.05106195738827182,3.115867215407068,nan
femgo,seed_14,68,-432.8368133040781,75,0.05430021496865265,3.3334835562048344,nan
femgo,seed_14,69,-433.56090824173,75,0.044645615799960674,3.6686620057411794,nan
femgo,seed_14,70,-433.1454487876437,75,0.050185075187777484,3.6483073244518973,nan
femgo,seed_14,71,-432.8091616733401,75,0.05466890337849236,4.041565874007992,nan
femgo,seed_14,72,-433.2671352107815,75,0.048562589545940685,3.2694651064991955,nan
femgo,seed_14,73,-433.3441917150698,75,0.04753516948876268,3.3189466328023176,nan
femgo,seed_14,74,-433.033252380717,75,0.05168102728013385,3.6504572796816728,nan
femgo,seed_14,75,-433.73106723762186,75,0.04237682918806892,3.584904737279718,nan
femgo,seed_14,76,-433.20736780966814,75,0.049359488227451793,3.685290076682797,nan
femgo,seed_14,77,-433.585382515411,75,0.04431929215088,3.8809312715443696,nan
femgo,seed_14,78,-433.3363588618905,75,0.04763960753115346,3.464420273863567,nan
femgo,seed_14,79,-433.92176956682425,75,0.03983413146537032,3.421293926132721,nan
femgo,seed_14,80,-434.01383061911605,75,0.03860665076814636,3.6192553035341977,nan
femgo,seed_14,81,-433.76499237730496,75,0.04192449399229417,2.6329871054611793,nan
femgo,seed_14,82,-433.50521190752215,75,0.04538823358939832,3.6171221664310895,nan
femgo,seed_14,83,-433.75906739925694,75,0.04200349369960122,2.594642680259984,nan
femgo,seed_14,84,-433.6982539989525,75,0.04281433903699356,3.679188817120213,nan
femgo,seed_14,85,-433.5205299634176,75,0.045183992844126046,3.4716725537392126,nan
femgo,seed_14,86,-434.86949094697565,75,0.027197846396685085,2.868032007586308,nan
femgo,seed_14,87,-433.7291468502963,75,0.04240243435241003,3.628580301134109,nan
femgo,seed_14,88,-433.77639931869027,75,0.04177240144049013,3.3377270644102293,nan
femgo,seed_14,89,-434.9882998626628,75,0.025613727520856173,2.7655327046369216,nan
femgo,seed_14,90,-434.8129375145426,75,0.027951892162458688,2.946817397061741,nan
femgo,seed_14,91,-433.22102143852834,75,0.04917743984264916,3.3662008358072075,nan
femgo,seed_14,92,-435.45272189272197,75,0.019421433786734117,3.5956479009414384,nan
femgo,seed_14,93,-434.08740762534734,75,0.03762562401839584,3.361295504128332,nan
femgo,seed_14,94,-433.6707609169755,75,0.04318091346335374,2.649320347690999,nan
femgo,seed_14,95,-435.13626435610996,75,0.023640867608227534,2.7843876087888546,nan
femgo,seed_14,96,-433.43614387268696,75,0.04630914072053429,2.696759620752836,nan
femgo,seed_14,97,-435.3854746762898,75,0.02031806333916317,2.6773185467561724,nan
femgo,seed_14,98,-435.13593820336877,75,0.02364521631144347,2.7979896739686314,nan
femgo,seed_14,99,-435.2044179338912,75,0.022732153237811113,3.496956887299584,nan
femgo,seed_14,100,-435.7717824079,75,0.015167293584360475,3.5697079707173955,nan
femgo,seed_15,10,-409.7660498828815,75,0.36191039391794066,0.10086481626236043,nan
femgo,seed_15,11,-409.07324086093166,75,0.3711478475439382,2.1980716783086436,nan
femgo,seed_15,12,-416.7516052336448,75,0.2687696559077631,0.011555635197030512,nan
femgo,seed_15,13,-417.59659095985046,75,0.2575031795583542,0.015486366277896124,nan
femgo,seed_15,14,-416.2046446574639,75,0.2760624635901748,0.00940754664118515,nan
femgo,seed_15,15,-410.8299286218972,75,0.3477253440643979,0.011645873523795203,nan
femgo,seed_15,16,-418.1108472918467,75,0.2506464284650709,0.02604871412580856,nan
femgo,seed_15,17,-414.9262737934925,75,0.29310740844312705,0.024215213811384473,nan
femgo,seed_15,18,-399.65310190898236,75,0.4967497002365955,1.853140165372606,nan
femgo,seed_15,19,-416.15446163390885,75,0.27673157057090897,0.878561083686936,nan
femgo,seed_15,20,-417.9597641097491,75,0.25266087089303935,0.033671369569367116,nan
femgo,seed_15,21,-418.1557148412032,75,0.25004819447365134,0.008579283285385486,nan
femgo,seed_15,22,-416.4266809049174,75,0.2731019802907948,0.9019663187311053,nan
femgo,seed_15,23,-417.8081477887842,75,0.2546824218392377,0.033538423491030755,nan
femgo,seed_15,24,-417.003361102401,75,0.2654129109910135,0.1247583275862656,nan
femgo,seed_15,25,-406.204020828261,75,0.40940411464621396,2.6861950233892973,nan
femgo,seed_15,26,-420.02664184279837,75,0.22510250111904875,0.650885482090219,nan
femgo,seed_15,27,-419.0037297515962,75,0.23874132900174422,0.499491292215426,nan
femgo,seed_15,28,-411.8355261447642,75,0.33431737709283804,0.6663757025574206,nan
femgo,seed_15,29,-418.33860451974954,75,0.24760966542636653,0.8302740891514002,nan
femgo,seed_15,30,-420.3309595483026,75,0.22104493171232587,1.0462921857780714,nan
femgo,seed_15,31,-417.5117810235338,75,0.2586339787092432,0.9702585316533767,nan
femgo,seed_15,32,-421.6348083610354,75,0.20366028087588803,0.7450148878957066,nan
femgo,seed_15,33,-420.38338871375674,75,0.2203458761729371,1.280008522871153,nan
femgo,seed_15,34,-421.84926843140005,75,0.20080081327102636,1.8919985410548943,nan
femgo,seed_15,35,-423.0670230783597,75,0.18456408464489793,1.403714296047239,nan
femgo,seed_15,36,-419.36877158207693,75,0.23387410459533461,1.2832883257343646,nan
femgo,seed_15,37,-424.8537168472085,75,0.16074150106024718,3.383769279652997,nan
femgo,seed_15,38,-423.8446396658305,75,0.17419586347861998,4.264033723056414,nan
femgo,seed_15,39,-423.24182813510805,75,0.18223335055491968,3.9658566438366574,nan
femgo,seed_15,40,-424.18103384017576,75,0.1697106078206836,2.810432837476876,nan
femgo,seed_15,41,-419.7017531973665,75,0.22943434972480722,1.4168751976892917,nan
femgo,seed_15,42,-420.6631527753636,75,0.21661568868484588,1.2264547178524392,nan
femgo,seed_15,43,-424.34786374118096,75,0.16748620914061424,3.482395409799514,nan
femgo,seed_15,44,-424.4287207136298,75,0.16640811617462986,3.9795244190145205,nan
femgo,seed_15,45,-422.82836279410947,75,0.18774622176823413,2.251229600879425,nan
femgo,seed_15,46,-424.1863709361677,75,0.16963944654079113,3.458815996261656,nan
femgo,seed_15,47,-426.33119896643115,75,0.14104173947061174,3.030126850590456,nan
femgo,seed_15,48,-423.41981959955353,75,0.1798601310289799,3.7607996782992146,nan
femgo,seed_15,49,-424.4415479636552,75,0.16623708617429125,1.5399668837261427,nan
femgo,seed_15,50,-425.5861198436399,75,0.15097612777449512,3.086691957641241,nan
femgo,seed_15,51,-425.53909400067954,75,0.1516031390139665,3.2043376392850877,nan
femgo,seed_15,52,-424.511474039205,75,0.1653047385002939,3.14719721316901,nan
femgo,seed_15,53,-422.7365711151931,75,0.18897011082045234,3.6149534096390195,nan
femgo,seed_15,54,-427.0916805197592,75,0.13090198542623738,3.9200599048773714,nan
femgo,seed_15,55,-426.91338211447237,75,0.13327929749672876,4.196060910636401,nan
femgo,seed_15,56,-421.8441417970273,75,0.20086916839599628,4.116821928130184,nan
femgo,seed_15,57,-424.6585624978493,75,0.16334355905170317,3.416524688865646,nan
femgo,seed_15,58,-428.01770958591237,75,0.11855493121086208,4.257656780833441,nan
femgo,seed_15,59,-427.5142913573544,75,0.12526717425830156,4.269779556977301,nan
femgo,seed_15,60,-425.51355987353014,75,0.15194359404262514,5.360214809357014,nan
femgo,seed_15,61,-429.0372001955374,75,0.10496172308252805,4.29886256739127,nan
femgo,seed_15,62,-428.73871725721125,75,0.1089414955935437,4.241720350037534,nan
femgo,seed_15,63,-430.69527505504766,75,0.08285405828905823,4.2454788826129874,nan
femgo,seed_15,64,-431.02851426054576,75,0.07841086888241686,4.776217362503193,nan
femgo,seed_15,65,-426.0053355829075,75,0.14538658458426046,4.239229406463,nan
femgo,seed_15,66,-431.1708789360124,75,0.07651267320952836,4.728261942048041,nan
femgo,seed_15,67,-429.71717948956706,75,0.09589533249546624,4.854597137021344,nan
femgo,seed_15,68,-430.13309029386215,75,0.09034985510486497,4.781138893564277,nan
femgo,seed_15,69,-430.7006649319156,75,0.08278219326415259,4.342669703683317,nan
femgo,seed_15,70,-426.1190493914974,75,0.14387040046972818,3.9308283835634263,nan
femgo,seed_15,71,-428.3798964306587,75,0.11372577328091135,4.271952582069135,nan
femgo,seed_15,72,-431.1391428031116,75,0.07693582164820555,4.702294564511504,nan
femgo,seed_15,73,-429.95410138386507,75,0.09273637390482614,4.7952857103421564,nan
femgo,seed_15,74,-427.9139675761746,75,0.11993815800736532,2.4792176357957825,nan
femgo,seed_15,75,-430.4592897423588,75,0.08600052912490962,4.642654424581902,nan
femgo,seed_15,76,-429.5703307371195,75,0.09785331586143381,4.5228838036214825,nan
femgo,seed_15,77,-430.36345418394785,75,0.087278336570389,4.753998126030604,nan
femgo,seed_15,78,-431.20463722820597,75,0.07606256264694745,4.263314372262506,nan
femgo,seed_15,79,-431.162811513617,75,0.0766202388414672,4.28468642047382,nan
femgo,seed_15,80,-431.57055220727216,75,0.07118369625939826,4.265755742941046,nan
femgo,seed_15,81,-432.19495190697165,75,0.06285836693007164,4.258459327330559,nan
femgo,seed_15,82,-431.12282112165565,75,0.07715344406761838,3.996943898572388,nan
femgo,seed_15,83,-432.9054259425138,75,0.05338537978951005,4.254168512275243,nan
femgo,seed_15,84,-432.88509201692744,75,0.05365649879732776,4.210308745256484,nan
femgo,seed_15,85,-432.15362925752424,75,0.06340933558937044,4.2125589718103225,nan
femgo,seed_15,86,-433.10291044972166,75,0.05075225302673819,4.251942881350761,nan
femgo,seed_15,87,-432.39007246674055,75,0.06025675946648638,4.242116227941191,nan
femgo,seed_15,88,-433.1688462489362,75,0.04987310903721133,4.227306096120696,nan
femgo,seed_15,89,-433.79454748322337,75,0.04153042591338211,4.212572648104976,nan
femgo,seed_15,90,-432.51268435587247,75,0.05862193427806081,4.211234809504685,nan
femgo,seed_15,91,-433.0816510303504,75,0.05103571195168873,4.225175705183702,nan
femgo,seed_15,92,-431.94178895563846,75,0.06623387294784758,5.430987463534667,nan
femgo,seed_15,93,-432.8516579881972,75,0.054102285847064495,4.246140907577679,nan
femgo,seed_15,94,-432.10970526531315,75,0.06399498881885166,4.223974804431938,nan
femgo,seed_15,95,-433.51319780474216,75,0.045281754959798186,4.257582544705381,nan
femgo,seed_15,96,-432.3285216835209,75,0.061077436576082014,4.205878367828095,nan
femgo,seed_15,97,-433.8835278659813,75,0.040344020809942926,4.220710770859265,nan
femgo,seed_15,98,-433.6088351760988,75,0.044006590008376256,4.221284377953406,nan
femgo,seed_15,99,-432.8658744684583,75,0.05391273277691653,4.231934379682842,nan
femgo,seed_15,100,-432.73340328365583,75,0.05567901524094926,4.311394166915559,nan
femgo,seed_3,10,-413.0464421598622,75,0.3181718302248646,0.6634389068794615,nan
femgo,seed_3,11,-410.58016868011725,75,0.35105547662146364,1.3902345486722485,nan
femgo,seed_3,12,-402.63504739807644,75,0.45699042704867454,2.582874274514392,nan
femgo,seed_3,13,-414.14743091668385,75,0.3034919801339091,0.573707301774963,nan
femgo,seed_3,14,-417.13777155564014,75,0.26362077161449177,0.004565067007286316,nan
femgo,seed_3,15,-418.54698979381834,75,0.24483119510544915,0.029972615987183815,nan
femgo,seed_3,16,-417.503346699454,75,0.25874643636364,0.003022300785412213,nan
femgo,seed_3,17,-417.77306032026627,75,0.2551502547528101,0.828136507477021,nan
femgo,seed_3,18,-417.99460657462066,75,0.2521963046947515,0.0103678413699555,nan
femgo,seed_3,19,-417.5662070233788,75,0.25790829871130955,0.015812775564707948,nan
femgo,seed_3,20,-417.5498230508323,75,0.2581267516785965,0.05553661585521752,nan
femgo,seed_3,21,-416.2801512883805,75,0.2750557085112867,0.05692276149188302,nan
femgo,seed_3,22,-418.2773008781664,75,0.24842704731414186,0.012541004608181083,nan
femgo,seed_3,23,-408.22854545447416,75,0.38241045296337156,0.050512670043721286,nan
femgo,seed_3,24,-416.2026029005234,75,0.2760896870160483,0.06402532786743542,nan
femgo,seed_3,25,-418.7031574965169,75,0.24274895906946845,0.9384895692182571,nan
femgo,seed_3,26,-412.5436646820886,75,0.3248755299285123,0.9576760683583903,nan
femgo,seed_3,27,-421.1164925893824,75,0.21057115783126165,1.222977834598753,nan
femgo,seed_3,28,-417.4850096645649,75,0.25899093016216135,1.3800070363455,nan
femgo,seed_3,29,-418.2987944539392,75,0.24814046630383776,0.48986699904600073,nan
femgo,seed_3,30,-419.2889296875343,75,0.23493866318923665,2.6387378267862456,nan
femgo,seed_3,31,-415.96168013745796,75,0.27930199052358756,0.19391325450319208,nan
femgo,seed_3,32,-414.7765708467041,75,0.29510344773363917,2.8260602547220675,nan
femgo,seed_3,33,-420.40594429617425,75,0.22004513507403695,1.5156825707349473,nan
femgo,seed_3,34,-419.84465612791314,75,0.22752897731751848,1.1490053239815339,nan
femgo,seed_3,35,-421.8924214425603,75,0.20022543978888963,2.7961621615937347,nan
femgo,seed_3,36,-424.5795393276424,75,0.16439720132112826,2.676388212323129,nan
femgo,seed_3,37,-425.00673947679127,75,0.15870119933247678,2.289050804828207,nan
femgo,seed_3,38,-424.61518728229953,75,0.16392189525903328,2.6704654451482472,nan
femgo,seed_3,39,-424.5319757007402,75,0.1650313830131578,2.316871096803876,nan
femgo,seed_3,40,-427.02511427884605,75,0.13178953530507972,2.1456524723944703,nan
femgo,seed_3,41,-426.91540325961824,75,0.13325234889478377,2.393567515739276,nan
femgo,seed_3,42,-420.05674907779405,75,0.22470107131910633,1.5989637082946615,nan
femgo,seed_3,43,-426.6063430493884,75,0.13737315169784856,2.4218162819965254,nan
femgo,seed_3,44,-428.1655078263222,75,0.11658428800539772,2.6408660423676906,nan
femgo,seed_3,45,-428.5593617379544,75,0.1113329025169681,2.444820130768795,nan
femgo,seed_3,46,-422.174483586863,75,0.19646461119818695,1.2725714533532901,nan
femgo,seed_3,47,-426.826139125356,75,0.13444253735161357,2.5546048893313777,nan
femgo,seed_3,48,-433.3183426582803,75,0.04787982357928968,2.8349059164786343,nan
femgo,seed_3,49,-429.2266795185779,75,0.10243533210865507,2.7483428425387437,nan
femgo,seed_3,50,-434.6810163219636,75,0.029710841396845353,4.001641677421709,nan
femgo,seed_3,51,-430.112291103648,75,0.090627177641054,2.2548244592472333,nan
femgo,seed_3,52,-433.9351506612345,75,0.03965571687323366,4.0280562947570395,nan
femgo,seed_3,53,-429.04939795392266,75,0.10479908630405817,2.8207226246000054,nan
femgo,seed_3,54,-432.6891367390859,75,0.056269235835215266,4.066074386572966,nan
femgo,seed_3,55,-433.6999505562727,75,0.04279171827272421,3.9281625553610002,nan
femgo,seed_3,56,-429.0901719364584,75,0.10425543320358202,2.76834496623656,nan
femgo,seed_3,57,-434.1383102676519,75,0.03694692212100184,3.9594157351935984,nan
femgo,seed_3,58,-432.99968052510513,75,0.052128652021625234,3.790059277590691,nan
femgo,seed_3,59,-433.74049744577155,75,0.042251093079406325,3.9508427366579344,nan
femgo,seed_3,60,-434.3178194020268,75,0.03455346699600265,3.7061078753723127,nan
femgo,seed_3,61,-433.43921835026237,75,0.046268147686195485,3.872936615529822,nan
femgo,seed_3,62,-434.413976676835,75,0.03327136999856066,3.7252660995295983,nan
femgo,seed_3,63,-434.68227888433483,75,0.02969400723189589,3.6597211187388528,nan
femgo,seed_3,64,-433.4771549909953,75,0.045762325809756324,3.991922079660741,nan
femgo,seed_3,65,-433.7265769021054,75,0.04243670032828807,3.670686705083307,nan
femgo,seed_3,66,-433.7941291331821,75,0.04153600391393259,3.8132208469553426,nan
femgo,seed_3,67,-433.4497945533262,75,0.04612713164534398,3.5098920173311345,nan
femgo,seed_3,68,-433.69128211368474,75,0.042907297507230546,3.967597042390805,nan
femgo,seed_3,69,-433.7973136169795,75,0.041493544129966725,3.361740450480477,nan
femgo,seed_3,70,-434.8690113408807,75,0.02720424114461745,3.9641993046572246,nan
femgo,seed_3,71,-430.5405197443645,75,0.08491746243150071,3.9867756105884347,nan
femgo,seed_3,72,-433.70758869792724,75,0.04268987638399722,3.7175508069383216,nan
femgo,seed_3,73,-430.8058961412005,75,0.08137911047368714,4.189644142368817,nan
femgo,seed_3,74,-432.83929484243714,75,0.054267127790531805,4.067295449973004,nan
femgo,seed_3,75,-434.08613724137547,75,0.03764256247135411,4.023233212208945,nan
femgo,seed_3,76,-431.32213076430446,75,0.0744959821656342,3.904475731344492,nan
femgo,seed_3,77,-433.03842555283103,75,0.051612051651946635,4.385420932649161,nan
femgo,seed_3,78,-434.40791613328474,75,0.03335217724589711,3.6990630061207774,nan
femgo,seed_3,79,-433.4204001798323,75,0.046519056625262845,3.890658377192876,nan
femgo,seed_3,80,-434.54930982280564,75,0.03146692805228516,3.8685079034419854,nan
femgo,seed_3,81,-434.0374201028812,75,0.03829212431794455,3.1723900194483257,nan
femgo,seed_3,82,-434.42253904566445,75,0.03315720508083435,3.7026983812827154,nan
femgo,seed_3,83,-433.1297578682839,75,0.0503942874459085,4.003516770771162,nan
femgo,seed_3,84,-434.4859019042098,75,0.032312366966896204,2.550291601280824,nan
femgo,seed_3,85,-434.2963759777351,75,0.03483937931989203,3.6731347776272507,nan
femgo,seed_3,86,-431.7225906098422,75,0.06915651755846436,4.031528823205424,nan
femgo,seed_3,87,-435.10041360818565,75,0.024118877580551725,3.751406754222721,nan
femgo,seed_3,88,-434.56835603571375,75,0.031212978546843715,3.4910384205428056,nan
femgo,seed_3,89,-433.8460088749247,75,0.04084427402403132,3.9994268717967536,nan
femgo,seed_3,90,-433.08250252411796,75,0.051024358701454275,2.7665391386380183,nan
femgo,seed_3,91,-434.69560041031093,75,0.029516386885547946,3.7468877660935327,nan
femgo,seed_3,92,-434.47664362639614,75,0.032435810671078494,3.791277224968379,nan
femgo,seed_3,93,-434.90260896204774,75,0.026756272862390535,3.7927744553905978,nan
femgo,seed_3,94,-433.99592158159925,75,0.03884543793503705,2.4161697251552905,nan
femgo,seed_3,95,-434.84609841899095,75,0.02750974676981438,3.690864418312101,nan
femgo,seed_3,96,-435.1324802743008,75,0.02369132203234964,3.7015397338171034,nan
femgo,seed_3,97,-434.975338076862,75,0.025786551331533854,3.7160358789788877,nan
femgo,seed_3,98,-434.21014565452657,75,0.03598911696267275,2.5533354794032377,nan
femgo,seed_3,99,-435.31492588427136,75,0.02125871389940888,3.698482307171993,nan
femgo,seed_3,100,-434.1004440752438,75,0.03745180468644321,3.827198911631079,nan
femgo,seed_4,10,-417.1280039555475,75,0.2637510062823935,0.04158806177056107,nan
femgo,seed_4,11,-401.8438241294687,75,0.4675400706301108,2.180336257835666,nan
femgo,seed_4,12,-416.3161381789869,75,0.27457588330320204,0.042649456351501414,nan
femgo,seed_4,13,-408.96941537393303,75,0.3725321873705866,1.5139351358299304,nan
femgo,seed_4,14,-417.47095330174864,75,0.2591783483330452,0.004697006456289898,nan
femgo,seed_4,15,-415.45770613613695,75,0.2860216438745344,0.9345880559949578,nan
femgo,seed_4,16,-418.32785624789636,75,0.24775297571774219,0.010433173575062682,nan
femgo,seed_4,17,-415.8484005819938,75,0.2808123845964428,0.6554525572121168,nan
femgo,seed_4,18,-419.34624025217227,75,0.23417452232739683,0.7595507822903969,nan
femgo,seed_4,19,-416.93512257926227,75,0.26632275796619675,1.4402457103977842,nan
femgo,seed_4,20,-418.33982927379543,75,0.24759333537242129,1.0708858785031783,nan
femgo,seed_4,21,-421.6862811894967,75,0.2029739764964044,0.5532301301789406,nan
femgo,seed_4,22,-413.945085347164,75,0.30618992106084003,2.5787766328468376,nan
femgo,seed_4,23,-416.60950980445705,75,0.2706642616302664,0.09569532834384376,nan
femgo,seed_4,24,-419.94801628262144,75,0.22615084192140786,0.4152334864062208,nan
femgo,seed_4,25,-423.83528050674903,75,0.1743206522663733,1.1257941805314022,nan
femgo,seed_4,26,-424.2279834728425,75,0.1690846127184606,1.353333374067514,nan
femgo,seed_4,27,-424.27347277042134,75,0.16847808875074255,3.7496063268143747,nan
femgo,seed_4,28,-426.36245080943667,75,0.14062504823053815,2.7578487339127946,nan
femgo,seed_4,29,-426.7459265909617,75,0.13551203781020452,2.7633481024392186,nan
femgo,seed_4,30,-425.8970860153744,75,0.14682991215136856,2.7456621014592155,nan
femgo,seed_4,31,-426.4155876999414,75,0.13991655635714173,2.6098359527616974,nan
femgo,seed_4,32,-426.87455088450963,75,0.13379704722956529,2.690165629359761,nan
femgo,seed_4,33,-425.75589558513445,75,0.1487124512212343,2.6626039901466907,nan
femgo,seed_4,34,-426.2645196834286,75,0.14193079657731233,3.8221606592428685,nan
femgo,seed_4,35,-426.8327802838057,75,0.13435398857228467,2.3899756523841766,nan
femgo,seed_4,36,-427.2035769452217,75,0.1294100330867377,2.627570521206895,nan
femgo,seed_4,37,-425.34095356372677,75,0.15424501150667008,2.711910530415077,nan
femgo,seed_4,38,-425.9384360606362,75,0.14627857821454426,2.2222242520462405,nan
femgo,seed_4,39,-426.81298477738625,75,0.13461792865787706,2.5860683962520277,nan
femgo,seed_4,40,-425.72972946753225,75,0.14906133278926367,2.5435648837040734,nan
femgo,seed_4,41,-422.9833409400394,75,0.18567984648916838,2.9130343752210432,nan
femgo,seed_4,42,-422.79325233461657,75,0.18821436122813945,2.7543025432265633,nan
femgo,seed_4,43,-428.081216003515,75,0.11770817897616022,2.3595301532335764,nan
femgo,seed_4,44,-428.32617011962554,75,0.11444212409468643,2.207965603479952,nan
femgo,seed_4,45,-425.49811814540686,75,0.1521494837509355,2.566917058892825,nan
femgo,seed_4,46,-425.3253623597995,75,0.15445289422570038,2.4759362670513525,nan
femgo,seed_4,47,-428.623107241322,75,0.11048296247206736,2.0790786552531184,nan
femgo,seed_4,48,-426.82422296934215,75,0.13446808609846508,2.1513516991397346,nan
femgo,seed_4,49,-425.26205807751796,75,0.1552969513227875,2.449011055395152,nan
femgo,seed_4,50,-426.28220569031777,75,0.14169498315212348,2.060694231848119,nan
femgo,seed_4,51,-427.93649685998656,75,0.11963776755653953,2.410624846239525,nan
femgo,seed_4,52,-429.0358997128568,75,0.10497906285160298,2.248724974145306,nan
femgo,seed_4,53,-427.8744127924677,75,0.12046555512345776,2.254928325841613,nan
femgo,seed_4,54,-427.66990168863623,75,0.12319236984121062,2.20952989580271,nan
femgo,seed_4,55,-426.7541754999094,75,0.13540205235756805,2.501435651359886,nan
femgo,seed_4,56,-428.05134491908774,75,0.11810646010185716,2.421478943146017,nan
femgo,seed_4,57,-428.2965547613079,75,0.11483699553892165,2.057564823739611,nan
femgo,seed_4,58,-429.0019625644358,75,0.10543155816388283,2.2805873051480123,nan
femgo,seed_4,59,-428.15768565985127,75,0.11668858355834345,2.601224659130869,nan
femgo,seed_4,60,-428.8905063794599,75,0.10691764063022825,2.3733368210544636,nan
femgo,seed_4,61,-429.0559217727213,75,0.10471210205340943,2.614897590398492,nan
femgo,seed_4,62,-428.83126576709225,75,0.10770751546179705,2.3545376356146566,nan
femgo,seed_4,63,-428.6825850283389,75,0.10968992531184162,2.26207143889453,nan
femgo,seed_4,64,-429.1399509896456,75,0.10359171249441866,2.178332439886713,nan
femgo,seed_4,65,-428.16152287398177,75,0.11663742070327013,2.265902324620619,nan
femgo,seed_4,66,-428.6580417101722,75,0.11001716955406436,2.1663580803962326,nan
femgo,seed_4,67,-428.9265014532134,75,0.10643770631351496,2.449770650694864,nan
femgo,seed_4,68,-428.4056599187628,75,0.11338226010618958,2.341337966367364,nan
femgo,seed_4,69,-428.9158270902404,75,0.10658003115315523,2.1441669412426148,nan
femgo,seed_4,70,-429.13317173845866,75,0.10368210251024493,2.359387065776149,nan
femgo,seed_4,71,-429.59124656265493,75,0.09757443818762795,2.2135815872774884,nan
femgo,seed_4,72,-429.1735260655063,75,0.10314404481627662,2.3391522410731245,nan
femgo,seed_4,73,-429.24253914944325,75,0.10222387036378375,2.4606338706167445,nan
femgo,seed_4,74,-429.2065155881732,75,0.10270418451405097,2.424624291653439,nan
femgo,seed_4,75,-429.65101534338993,75,0.09677752111116131,2.2475630203211665,nan
femgo,seed_4,76,-429.68270329196037,75,0.09635501513022215,2.2005833060066298,nan
femgo,seed_4,77,-429.55895706143014,75,0.09800496487062522,2.2141471573220706,nan
femgo,seed_4,78,-429.83939466504216,75,0.09426579682246483,2.207478854304993,nan
femgo,seed_4,79,-429.2702716003238,75,0.10185410435204327,2.2830978798914767,nan
femgo,seed_4,80,-429.71730313900844,75,0.09589368383624787,2.2632230584812802,nan
femgo,seed_4,81,-429.37183962620486,75,0.10049986400696222,2.428847214395736,nan
femgo,seed_4,82,-429.5412081944243,75,0.09824161643070284,2.281893102522824,nan
femgo,seed_4,83,-430.24826935569257,75,0.08881413428045941,2.128605474095794,nan
femgo,seed_4,84,-430.1262747516662,75,0.09044072900081118,2.1547365930680087,nan
femgo,seed_4,85,-428.86939328276793,75,0.10719914858612128,2.356903507514474,nan
femgo,seed_4,86,-429.51084158824807,75,0.09864650451305276,2.9023321994190745,nan
femgo,seed_4,87,-429.32768903081904,75,0.10108853861210643,2.1863658725724697,nan
femgo,seed_4,88,-428.9966879839093,75,0.10550188590423659,2.108441478817671,nan
femgo,seed_4,89,-428.56227629949234,75,0.1112940416964625,2.953170831488155,nan
femgo,seed_4,90,-430.24160312589555,75,0.08890301734441967,2.192262146886705,nan
femgo,seed_4,91,-430.0368399042818,75,0.09163319363260294,2.231010537834873,nan
femgo,seed_4,92,-430.03306428882473,75,0.0916835351720306,2.175566889225381,nan
femgo,seed_4,93,-430.3034319315862,75,0.08807863326854432,2.802583372258928,nan
femgo,seed_4,94,-430.1948296522022,75,0.08952666366033099,3.003621474342184,nan
femgo,seed_4,95,-430.0914101068078,75,0.09090559093225617,2.156518927867481,nan
femgo,seed_4,96,-430.7036764128029,75,0.08274204018565494,2.925214946933094,nan
femgo,seed_4,97,-431.39804390079,75,0.07348380701249349,3.900498033170873,nan
femgo,seed_4,98,-431.7416111175862,75,0.06890291078854413,3.977286283331402,nan
femgo,seed_4,99,-431.5649267177574,75,0.07125870278626205,3.9182729099050135,nan
femgo,seed_4,100,-430.5237169797599,75,0.08514149929289488,2.9361951324118536,nan
femgo,seed_5,10,-409.48434493308497,75,0.36566645991522745,0.1839290543871268,nan
femgo,seed_5,11,-415.78777434033486,75,0.28162073448522884,0.031988369678524364,nan
femgo,seed_5,12,-413.43799259519596,75,0.3129511577537475,2.3759969185993928,nan
femgo,seed_5,13,-412.8825873159932,75,0.32035656147645114,0.8804300156005702,nan
femgo,seed_5,14,-417.54402277136836,75,0.25820408873811557,0.02977552710868281,nan
femgo,seed_5,15,-417.60793423456835,75,0.2573519358954491,0.14884479095132797,nan
femgo,seed_5,16,-416.7640151773126,75,0.26860418999219215,0.03781683070176278,nan
femgo,seed_5,17,-409.108133342712,75,0.3706826144535338,1.3247948933912816,nan
femgo,seed_5,18,-415.84614838134286,75,0.2808424139384556,0.05157139331910088,nan
femgo,seed_5,19,-399.61606859351946,75,0.4972434777761009,0.000969360156224397,nan
femgo,seed_5,20,-391.48677789650054,75,0.6056340204030198,3.536472491770926,nan
femgo,seed_5,21,-417.11612950666364,75,0.26390933226751184,0.008210196374514922,nan
femgo,seed_5,22,-417.23013027772623,75,0.26238932198667725,0.09012347957457578,nan
femgo,seed_5,23,-418.60713058416087,75,0.2440293179008821,0.07917879385038518,nan
femgo,seed_5,24,-413.90936901424175,75,0.30666613883313704,1.5105253976471893,nan
femgo,seed_5,25,-418.70001187732015,75,0.24279090065875836,0.7428259815466856,nan
femgo,seed_5,26,-417.4991104087734,75,0.25880292023938184,0.8991615100296091,nan
femgo,seed_5,27,-412.8241742221212,75,0.32113540272807767,0.2888501391621041,nan
femgo,seed_5,28,-417.899659764281,75,0.25346226216594686,0.8531467567486146,nan
femgo,seed_5,29,-418.35162804908657,75,0.2474360183685394,0.997984344195169,nan
femgo,seed_5,30,-416.9591735037123,75,0.2660020789735298,1.3538103428648345,nan
femgo,seed_5,31,-416.34805433825284,75,0.2741503345129892,0.8392466931461566,nan
femgo,seed_5,32,-419.6361664340087,75,0.23030883990291082,0.8496209468943849,nan
femgo,seed_5,33,-419.40751028810405,75,0.23335758851497304,0.3353045950216007,nan
femgo,seed_5,34,-417.6612052662641,75,0.2566416554728388,0.2898744668183202,nan
femgo,seed_5,35,-421.01517766640535,75,0.21192202347095568,0.8831441243690747,nan
femgo,seed_5,36,-414.50317610033414,75,0.29874871101857176,0.8882408786768856,nan
femgo,seed_5,37,-423.19187354909775,75,0.1828994117017237,1.6669547498430166,nan
femgo,seed_5,38,-422.0530296461119,75,0.19808399707486843,2.086258000343298,nan
femgo,seed_5,39,-419.8500070051663,75,0.22745763228747667,2.947938297714808,nan
femgo,seed_5,40,-422.44929555724127,75,0.1928004515931434,1.444581343460829,nan
femgo,seed_5,41,-421.55501438785836,75,0.20472420051824883,2.98206159000876,nan
femgo,seed_5,42,-425.63692386041964,75,0.15029874088409845,2.398297048547244,nan
femgo,seed_5,43,-419.86528829775176,75,0.2272538817196702,1.3955382466021735,nan
femgo,seed_5,44,-425.3292992859412,75,0.1544004018771443,3.6759366308802104,nan
femgo,seed_5,45,-422.3552159229583,75,0.1940548467169166,2.079884913788,nan
femgo,seed_5,46,-422.4939407564919,75,0.19220518226980177,2.312610268284887,nan
femgo,seed_5,47,-428.16363740755315,75,0.11660922692231832,2.544541730436187,nan
femgo,seed_5,48,-422.49486083989086,75,0.19219291449114886,1.857829746442155,nan
femgo,seed_5,49,-427.8523102913328,75,0.1207602551385897,3.1788540759472905,nan
femgo,seed_5,50,-427.9713978319423,75,0.11917242126379657,3.3103366500145395,nan
femgo,seed_5,51,-426.6913673242799,75,0.13623949469929508,2.6134884682210284,nan
femgo,seed_5,52,-428.9554925347512,75,0.10605115855967749,2.645459258042015,nan
femgo,seed_5,53,-425.8556126073214,75,0.1473828909254083,2.7598344685150735,nan
femgo,seed_5,54,-429.5682420713528,75,0.09788116473832285,2.48150847168956,nan
femgo,seed_5,55,-430.7457783888465,75,0.08218068050507403,2.7910219328223107,nan
femgo,seed_5,56,-425.42242679723967,75,0.15315870172649815,1.7207240974050446,nan
femgo,seed_5,57,-428.7505738333493,75,0.10878340791170331,2.8978804465567656,nan
femgo,seed_5,58,-426.77999671014163,75,0.13505776955447193,2.8435055615659532,nan
femgo,seed_5,59,-429.58202751542984,75,0.09769735881729578,2.7371701278089713,nan
femgo,seed_5,60,-429.7827216034326,75,0.09502143764392561,3.6191610773591627,nan
femgo,seed_5,61,-430.34714156582294,75,0.08749583814538786,2.9299871023791155,nan
femgo,seed_5,62,-424.34758076451,75,0.1674899821628939,2.106971754649795,nan
femgo,seed_5,63,-431.8626549794165,75,0.06728899263080697,3.1810971271721318,nan
femgo,seed_5,64,-430.7810337603454,75,0.08171060888508842,2.20483709760118,nan
femgo,seed_5,65,-430.94960050125695,75,0.07946305233960099,3.1019862347508127,nan
femgo,seed_5,66,-432.33912116539693,75,0.060936110151067924,2.720904239790695,nan
femgo,seed_5,67,-428.36441056356637,75,0.1139322515088088,2.2612817675013623,nan
femgo,seed_5,68,-432.34985518100376,75,0.060792989942976876,2.7480905494108256,nan
femgo,seed_5,69,-427.4878964437074,75,0.12561910644026134,3.7183047537371188,nan
femgo,seed_5,70,-430.76669665976584,75,0.08190177022614914,3.3686045472554724,nan
femgo,seed_5,71,-429.87035729773595,75,0.09385296171988103,3.7834424586887216,nan
femgo,seed_5,72,-427.4523058370493,75,0.12609364786236937,2.736882257445778,nan
femgo,seed_5,73,-431.64568612548203,75,0.07018191068326662,3.567029913153526,nan
femgo,seed_5,74,-430.90737259633596,75,0.08002609107188088,2.839674719551873,nan
femgo,seed_5,75,-432.4183997967464,75,0.05987906173307465,3.1049620149053414,nan
femgo,seed_5,76,-433.0245703822163,75,0.05179678726014269,3.87870576122088,nan
femgo,seed_5,77,-431.56698384693175,75,0.07123127439727038,3.6378404609769,nan
femgo,seed_5,78,-428.4305098251481,75,0.11305092802105264,2.311590709997338,nan
femgo,seed_5,79,-429.97685354530364,75,0.09243301175231182,3.516712298416593,nan
femgo,seed_5,80,-430.7880712181606,75,0.08161677611421889,4.667393437949643,nan
femgo,seed_5,81,-429.31666008968426,75,0.1012355911605702,2.99445614484722,nan
femgo,seed_5,82,-427.65582480165233,75,0.12338006166766263,4.733898086961931,nan
femgo,seed_5,83,-427.9545964883644,75,0.11939643917816814,2.8779888370171687,nan
femgo,seed_5,84,-430.0189725710381,75,0.09187142474251914,2.171839242747147,nan
femgo,seed_5,85,-431.3962752291076,75,0.07350738930159272,2.8762924181879175,nan
femgo,seed_5,86,-430.6390976546148,75,0.08360309029483005,3.7887984395983736,nan
femgo,seed_5,87,-432.01573142729563,75,0.0652479733257519,2.315014917649684,nan
femgo,seed_5,88,-431.62992614893153,75,0.07039204370393994,4.367005703064057,nan
femgo,seed_5,89,-432.57384380418654,75,0.05780647496720652,3.9198636546836223,nan
femgo,seed_5,90,-432.9972564646256,75,0.05216097282801911,3.514171060871316,nan
femgo,seed_5,91,-432.09663530269086,75,0.06416925498714894,3.041490996087985,nan
femgo,seed_5,92,-432.25951456226846,75,0.06199753152611417,2.9229251805417658,nan
femgo,seed_5,93,-433.1790921200392,75,0.04973649742250472,3.928853885369506,nan
femgo,seed_5,94,-432.3767376797576,75,0.06043455662625926,2.4166493647100644,nan
femgo,seed_5,95,-431.9615985684952,75,0.0659697447764241,2.8106547113252347,nan
femgo,seed_5,96,-432.92672562586625,75,0.05310138401147697,3.9161388227414466,nan
femgo,seed_5,97,-432.71212206502895,75,0.05596276482264102,3.0568484823424207,nan
femgo,seed_5,98,-432.2306364619122,75,0.062382572864197905,2.7703558728167526,nan
femgo,seed_5,99,-433.1174408703786,75,0.050558514084646046,2.5767719365731594,nan
femgo,seed_5,100,-433.25987890844016,75,0.04865934024382492,3.6470063068839167,nan
femgo,seed_6,10,-413.0078752392751,75,0.3186860558326922,0.07387781053038545,nan
femgo,seed_6,11,-417.6042448169286,75,0.2574011281306457,0.11265336342146348,nan
femgo,seed_6,12,-407.6400826399545,75,0.3902566238236333,2.0166125770818635,nan
femgo,seed_6,13,-409.1093719197441,75,0.3706661000931058,2.5132434725460744,nan
femgo,seed_6,14,-418.06796162689494,75,0.25121823733109444,0.025652051522317976,nan
femgo,seed_6,15,-414.07506994335705,75,0.3044567931115997,0.006563426832578045,nan
femgo,seed_6,16,-417.7655665422938,75,0.25525017179244286,0.005186009513906242,nan
femgo,seed_6,17,-417.48696727726536,75,0.25896482865948883,0.040166186865764786,nan
femgo,seed_6,18,-417.67411237435994,75,0.25646956069822785,0.5807014210404695,nan
femgo,seed_6,19,-405.2632905281914,75,0.4219471853138081,0.12227999341885365,nan
femgo,seed_6,20,-418.1141382443966,75,0.25060254909773905,0.3265348716290326,nan
femgo,seed_6,21,-417.631021689627,75,0.25704410316133364,0.061797258057744386,nan
femgo,seed_6,22,-416.8794432190281,75,0.267065149435986,0.886472267146047,nan
femgo,seed_6,23,-417.13247780916544,75,0.2636913549008212,0.2082184323074987,nan
femgo,seed_6,24,-419.0265877024052,75,0.2384365563242909,0.11897136538485142,nan
femgo,seed_6,25,-419.9940331321492,75,0.22553728392770456,0.2791824392841171,nan
femgo,seed_6,26,-419.52623247242354,75,0.23177462605737978,0.7184285520551938,nan
femgo,seed_6,27,-426.7367310258737,75,0.1356346453447107,2.8158611138562097,nan
femgo,seed_6,28,-400.1620977935966,75,0.4899630884417388,3.877407965135246,nan
femgo,seed_6,29,-423.2878631784115,75,0.18161954997754037,5.130344471057626,nan
femgo,seed_6,30,-426.97574356477395,75,0.13244781149270768,2.8108841751140172,nan
femgo,seed_6,31,-429.05724218602273,75,0.1046944965427239,2.7696565466148844,nan
femgo,seed_6,32,-429.1646423186362,75,0.1032624947745444,2.765821385935162,nan
femgo,seed_6,33,-424.3003873882994,75,0.16811922717903524,1.1535730589142315,nan
femgo,seed_6,34,-428.53819183220963,75,0.11161516792689857,3.9774946385575127,nan
femgo,seed_6,35,-427.7013376505887,75,0.12277322368184439,4.6975667715887255,nan
femgo,seed_6,36,-428.86726218026513,75,0.10722756328615864,2.9252781253794087,nan
femgo,seed_6,37,-425.06777009986854,75,0.1578874576914465,2.967819921666024,nan
femgo,seed_6,38,-427.4202699832651,75,0.12652079257949253,2.749288117890451,nan
femgo,seed_6,39,-429.0577556957145,75,0.10468764974683381,2.3678429328267043,nan
femgo,seed_6,40,-427.48648650040235,75,0.12563790568432903,2.6209419774449287,nan
femgo,seed_6,41,-429.42826737505357,75,0.09974749402231282,2.4830283814986363,nan
femgo,seed_6,42,-428.47389884723657,75,0.11247240772653944,3.540915695561784,nan
femgo,seed_6,43,-428.5738014936007,75,0.11114037244168458,2.998118879337751,nan
femgo,seed_6,44,-426.3165420548055,75,0.14123716495895375,2.235904498722771,nan
femgo,seed_6,45,-429.09227785314624,75,0.10422735431441045,2.494451457798151,nan
femgo,seed_6,46,-427.52764037107,75,0.12508918740876046,3.9693234100701105,nan
femgo,seed_6,47,-427.4478201211789,75,0.12615345740730846,4.133496670654749,nan
femgo,seed_6,48,-429.5087612923074,75,0.0986742417922619,2.9798664873462943,nan
femgo,seed_6,49,-428.160955705631,75,0.11664498294794688,4.213648866019275,nan
femgo,seed_6,50,-430.9780780205546,75,0.07908335208229876,3.035634247187943,nan
femgo,seed_6,51,-428.635608510812,75,0.11031627887886696,4.06018855637957,nan
femgo,seed_6,52,-430.68493377427296,75,0.08299194203272085,3.0364298277741444,nan
femgo,seed_6,53,-431.19450037526184,75,0.07619772068620251,3.0383054474042286,nan
femgo,seed_6,54,-431.0016391361917,75,0.078769203873804,3.021192258678786,nan
femgo,seed_6,55,-426.9234077739171,75,0.1331456220374654,2.29576205942943,nan
femgo,seed_6,56,-429.6053255894324,75,0.09738671783059469,3.087861488406139,nan
femgo,seed_6,57,-430.0181266555307,75,0.0918827036159511,3.6025430964455545,nan
femgo,seed_6,58,-429.0618741758791,75,0.10463273667797239,4.0427791952900645,nan
femgo,seed_6,59,-430.57099305083153,75,0.0845111516786066,4.33113395791394,nan
femgo,seed_6,60,-429.92111502350764,75,0.09317619204292517,3.0390798402659627,nan
femgo,seed_6,61,-428.5815840250426,75,0.11103660535579214,4.683187994066561,nan
femgo,seed_6,62,-429.97327977597286,75,0.09248066201005561,3.0465850748599728,nan
femgo,seed_6,63,-429.59129749647644,75,0.09757375907000779,3.058552100931145,nan
femgo,seed_6,64,-431.81075737065544,75,0.06798096074762118,3.014632850069626,nan
femgo,seed_6,65,-431.93954412163026,75,0.06626380406795684,2.94325294546325,nan
femgo,seed_6,66,-427.9661598924416,75,0.1192422604571387,3.1505544764446096,nan
femgo,seed_6,67,-431.58677805525576,75,0.07096735161961684,2.9333254029353615,nan
femgo,seed_6,68,-431.6887294954773,75,0.06960799908333001,2.9181083037055213,nan
femgo,seed_6,69,-429.90518589335056,75,0.09338858044501952,2.87650738195636,nan
femgo,seed_6,70,-432.12135154844833,75,0.06383970504371594,3.1771754268952677,nan
femgo,seed_6,71,-429.0701915822643,75,0.10452183792617006,3.028862737034718,nan
femgo,seed_6,72,-430.68286333584734,75,0.08301954787839577,2.9725062828889453,nan
femgo,seed_6,73,-431.20833602896835,75,0.07601324530344906,3.854043107058649,nan
femgo,seed_6,74,-430.84435160604846,75,0.08086637094238086,3.9770925025317307,nan
femgo,seed_6,75,-432.6939381178952,75,0.05620521745109121,3.01568961758098,nan
femgo,seed_6,76,-431.2293678722752,75,0.07573282072602448,2.9719331548302037,nan
femgo,seed_6,77,-429.6381748511529,75,0.09694872767432192,3.86029272642949,nan
femgo,seed_6,78,-431.93592832940783,75,0.06631201463092262,2.974836899719726,nan
femgo,seed_6,79,-432.58982331416166,75,0.057593414834204854,4.095953278006601,nan
femgo,seed_6,80,-433.1092004608538,75,0.05066838621164303,2.9996139984747128,nan
femgo,seed_6,81,-432.63789138280737,75,0.05695250725226212,4.087293010211052,nan
femgo,seed_6,82,-432.8938773098441,75,0.05353936155843939,2.948407435705553,nan
femgo,seed_6,83,-433.003002265863,75,0.05208436214485346,3.002703170352053,nan
femgo,seed_6,84,-432.4821653015158,75,0.05902885500281627,3.5716719468760463,nan
femgo,seed_6,85,-433.09554172669135,75,0.05085050266714233,2.9971147208872555,nan
femgo,seed_6,86,-433.0121314393338,75,0.051962639831909505,4.124888487238861,nan
femgo,seed_6,87,-433.30552903432255,75,0.0480506718987264,2.9147437313243714,nan
femgo,seed_6,88,-433.06272389388283,75,0.05128807377125592,4.14447658838867,nan
femgo,seed_6,89,-433.7164604229249,75,0.04257158671736155,3.0374435379491587,nan
femgo,seed_6,90,-433.3600654611495,75,0.047323519541034025,3.5891634690039407,nan
femgo,seed_6,91,-434.11046826453,75,0.037318148829293324,2.9825269274286086,nan
femgo,seed_6,92,-434.0226568528142,75,0.038488967652171295,2.9628420752871882,nan
femgo,seed_6,93,-433.3481398891194,75,0.04748252716810157,2.955568527988305,nan
femgo,seed_6,94,-434.09564143213,75,0.03751583992796062,2.924903151981278,nan
femgo,seed_6,95,-432.7304278925607,75,0.055718687122217336,4.11527211659379,nan
femgo,seed_6,96,-434.0440882238399,75,0.03820321603849531,2.924807762780423,nan
femgo,seed_6,97,-432.99714326122734,75,0.05216248220666254,3.255956288148047,nan
femgo,seed_6,98,-434.6410146048043,75,0.03024419762563639,2.9646069753840454,nan
femgo,seed_6,99,-433.88026263554787,75,0.04038755721572215,2.953947075816437,nan
femgo,seed_6,100,-434.92986611843094,75,0.026392844110614534,2.9977343735827944,nan
femgo,seed_7,10,-415.4681797932894,75,0.28588199511250195,0.09880628606477515,nan
femgo,seed_7,11,-417.49916229627814,75,0.2588022284059851,0.01772223278334195,nan
femgo,seed_7,12,-413.0435505537563,75,0.3182103849729431,0.021090204654225175,nan
femgo,seed_7,13,-407.13534644089964,75,0.3969864398110318,2.319397140825739,nan
femgo,seed_7,14,-417.55612689993507,75,0.25804270035722615,0.0064701526025494616,nan
femgo,seed_7,15,-411.08195328064147,75,0.3443650152811407,2.4725982930763166,nan
femgo,seed_7,16,-417.0395546218102,75,0.264930330732224,0.12872299729439085,nan
femgo,seed_7,17,-405.76190465533267,75,0.41529899695192474,0.016067718687153842,nan
femgo,seed_7,18,-414.20631730756224,75,0.3027068282555304,0.012975942475589974,nan
femgo,seed_7,19,-418.48336108901464,75,0.2456795778361652,0.009194429638238688,nan
femgo,seed_7,20,-416.9190125598137,75,0.26653755822551073,0.006713088824671587,nan
femgo,seed_7,21,-417.3056480870883,75,0.26138241786184985,0.0087841716352699,nan
femgo,seed_7,22,-418.26738518093225,75,0.248559256610597,0.014610791365807785,nan
femgo,seed_7,23,-417.9145645861101,75,0.2532635312082258,0.009109459369073036,nan
femgo,seed_7,24,-410.26114962341217,75,0.35530906404419815,0.4008693512770254,nan
femgo,seed_7,25,-412.8933089560391,75,0.32021360627583895,2.1286333334180707,nan
femgo,seed_7,26,-417.3519338527766,75,0.26076527431933905,1.9151753686218935,nan
femgo,seed_7,27,-411.8321648772167,75,0.33436219399347084,2.630799743809117,nan
femgo,seed_7,28,-419.4564555559394,75,0.2327049849438352,1.654495091783529,nan
femgo,seed_7,29,-414.3575463584334,75,0.30069044091058156,1.3672624719489352,nan
femgo,seed_7,30,-419.95924476317856,75,0.22600112884731288,1.1287378171621576,nan
femgo,seed_7,31,-419.23061790193134,75,0.2357161536639425,1.4970030734003483,nan
femgo,seed_7,32,-418.93846401188785,75,0.2396115388645224,1.090907437243878,nan
femgo,seed_7,33,-418.9236555319646,75,0.23980898526349922,1.4579866367922794,nan
femgo,seed_7,34,-420.88908043723677,75,0.21360331985987008,1.302617090704432,nan
femgo,seed_7,35,-418.8915326679158,75,0.24023729011748324,1.359083463530336,nan
femgo,seed_7,36,-421.0349783061988,75,0.21165801494037623,1.8020945194301063,nan
femgo,seed_7,37,-419.1468030647857,75,0.23683368482588474,1.2443316785893153,nan
femgo,seed_7,38,-422.5988312574581,75,0.19080664225691937,2.2308971156600634,nan
femgo,seed_7,39,-423.8462944096849,75,0.17417380022722834,2.169202917680984,nan
femgo,seed_7,40,-425.4452393717225,75,0.1528545340667271,2.1495420177854463,nan
femgo,seed_7,41,-424.6457032806416,75,0.16351501528113885,1.8096805189060419,nan
femgo,seed_7,42,-419.13428254668315,75,0.23700062506725164,2.2327694306024526,nan
femgo,seed_7,43,-422.6489853999322,75,0.19013792035726435,0.9546664369056064,nan
femgo,seed_7,44,-430.77060892452454,75,0.08184960669603318,2.3114337768112456,nan
femgo,seed_7,45,-432.6182753724774,75,0.0572140540566617,2.4677933662666334,nan
femgo,seed_7,46,-419.5437745367665,75,0.23154073186614066,2.811685440602398,nan
femgo,seed_7,47,-434.1446118566638,75,0.036862900934176344,2.6180833131477375,nan
femgo,seed_7,48,-431.2253888271253,75,0.07578587466135635,4.090414287811006,nan
femgo,seed_7,49,-433.90154108157225,75,0.040103844602063725,2.508835685979191,nan
femgo,seed_7,50,-432.5645774842951,75,0.057930025899092165,3.1939486432651147,nan
femgo,seed_7,51,-434.6957260114619,75,0.029514712203535208,3.1467559859973537,nan
femgo,seed_7,52,-432.5698449672377,75,0.05785979279319084,3.954883693732919,nan
femgo,seed_7,53,-434.23809342657273,75,0.03561648000205726,3.057133012594109,nan
femgo,seed_7,54,-434.4800062663838,75,0.03239097547124326,3.1616973254127068,nan
femgo,seed_7,55,-433.8265800904939,75,0.04110332448310828,3.6893990480785046,nan
femgo,seed_7,56,-435.2557805005856,75,0.02204731901521882,3.460904897468902,nan
femgo,seed_7,57,-435.4691907795547,75,0.019201848628964246,3.7077874240581554,nan
femgo,seed_7,58,-433.21955656882415,75,0.04919697143870508,3.632339925303137,nan
femgo,seed_7,59,-434.5226046831613,75,0.0318229965808761,3.7506380041149754,nan
femgo,seed_7,60,-434.0680378443728,75,0.03788388776472326,3.500662528550473,nan
femgo,seed_7,61,-431.5485524326886,75,0.0714770265871789,4.0269112323199,nan
femgo,seed_7,62,-434.48203410609364,75,0.03236393760844521,3.0959725761299257,nan
femgo,seed_7,63,-432.56852782986397,75,0.05787735462484079,2.468170878219661,nan
femgo,seed_7,64,-433.82954029977503,75,0.04106385502602658,3.7699200331929035,nan
femgo,seed_7,65,-435.56940589413847,75,0.01786564710118076,3.817406963541327,nan
femgo,seed_7,66,-435.98338870466034,75,0.01234587629422246,3.5999863824393863,nan
femgo,seed_7,67,-433.6120530042636,75,0.04396368563284568,3.6419056976952806,nan
femgo,seed_7,68,-436.26451795478425,75,0.008597486292570315,3.6771715916545453,nan
femgo,seed_7,69,-436.4300167295075,75,0.006390835962927213,3.5894184297089406,nan
femgo,seed_7,70,-435.0969952634374,75,0.024164455510528267,3.16332357354562,nan
femgo,seed_7,71,-434.48749557452487,75,0.03229111802936207,3.2680759019165784,nan
femgo,seed_7,72,-436.7253892597572,75,0.0024525355595975875,3.62073092624186,nan
femgo,seed_7,73,-435.0918947150154,75,0.024232462822821314,3.308309830647353,nan
femgo,seed_7,74,-435.2785088628604,75,0.02174427418488828,2.911767167284806,nan
femgo,seed_7,75,-436.85650002333864,75,0.0007043920451784894,3.6689500335440197,nan
femgo,seed_7,76,-436.6444384384548,75,0.003531879843629516,3.7195030148229637,nan
femgo,seed_7,77,-436.909329426727,75,0.0,3.6520651425913826,nan
femgo,seed_7,78,-434.1240838894648,75,0.03713660716349598,2.7180571704729886,nan
femgo,seed_7,79,-436.35706953937654,75,0.007363465164673168,3.679502314835739,nan
femgo,seed_7,80,-436.112612285749,75,0.010622895213040617,3.7254776750100245,nan
femgo,seed_7,81,-436.7982714024932,75,0.0014807736564512197,3.6573581155666623,nan
femgo,seed_7,82,-434.2808190732678,75,0.035046804712789405,3.0374867532429395,nan
femgo,seed_7,83,-435.4169456430724,75,0.019898450448728604,2.917809697393995,nan
femgo,seed_7,84,-436.8974650128373,75,0.00015819218519633673,3.647511507052016,nan
femgo,seed_7,85,-436.88441363753026,75,0.0003322105226235787,3.66290830586302,nan
femgo,seed_7,86,-436.8864014239148,75,0.00030570670416333695,3.579664916573213,nan
femgo,seed_7,87,-436.35610937923536,75,0.007376267299888847,3.6779841442947223,nan
femgo,seed_7,88,-436.0691073173389,75,0.011202961458508676,3.673828714739379,nan
femgo,seed_7,89,-436.2026168066009,75,0.009422834935015393,3.6896394029599566,nan
femgo,seed_7,90,-436.8849433882039,75,0.00032514718030824953,3.608337442143725,nan
femgo,seed_7,91,-436.8815679318688,75,0.0003701532647763391,3.621488003783691,nan
femgo,seed_7,92,-436.1823921181399,75,0.009692497447828524,3.5967976044529877,nan
femgo,seed_7,93,-434.9993030890234,75,0.02546701783604855,2.795699387254647,nan
femgo,seed_7,94,-436.85668166893066,75,0.0007019701039515288,3.6128555010764973,nan
femgo,seed_7,95,-436.43644849041397,75,0.006305079150840811,3.712858715030496,nan
femgo,seed_7,96,-436.83607022121294,75,0.00097678940685455,3.633694837838801,nan
femgo,seed_7,97,-436.8494687106653,75,0.000798142880823131,3.639138601318926,nan
femgo,seed_7,98,-436.865885936359,75,0.0005792465382402649,3.6476798524845364,nan
femgo,seed_7,99,-436.845246340006,75,0.0008544411562805483,3.6397322028828256,nan
femgo,seed_7,100,-436.20781737085633,75,0.009353494078275919,3.701338346663892,nan
femgo,seed_8,10,-415.0768377541118,75,0.29109988896820294,0.6001535029415841,nan
femgo,seed_8,11,-407.0839553208967,75,0.39767165474440463,2.294722262750893,nan
femgo,seed_8,12,-416.6583706938674,75,0.2700127831047947,0.022459450582566376,nan
femgo,seed_8,13,-411.6130157008243,75,0.33728418301203644,0.011525185438229002,nan
femgo,seed_8,14,-404.07273152109155,75,0.43782130540847297,2.633938965536702,nan
femgo,seed_8,15,-416.8087097478547,75,0.26800826238496406,0.18948837075571312,nan
femgo,seed_8,16,-407.9294026461324,75,0.38639902374126145,0.23788992635127215,nan
femgo,seed_8,17,-417.49425631380655,75,0.2588676415056064,0.00629615731438804,nan
femgo,seed_8,18,-413.22557385073907,75,0.3157834076798395,0.09137778922740303,nan
femgo,seed_8,19,-418.24564190994045,75,0.24884916689048775,0.0256491192086159,nan
femgo,seed_8,20,-416.0474813238808,75,0.2781579747046165,0.24239992463809124,nan
femgo,seed_8,21,-417.9804468996745,75,0.2523851003607001,0.05265923714278031,nan
femgo,seed_8,22,-418.635187184792,75,0.2436552298924668,0.35049330913724575,nan
femgo,seed_8,23,-411.3622830434549,75,0.3406272851102949,2.328622251139782,nan
femgo,seed_8,24,-418.75424286508445,75,0.24206782082190104,0.08792665767397878,nan
femgo,seed_8,25,-420.4656695557708,75,0.2192487982794167,0.3312833650039746,nan
femgo,seed_8,26,-424.6700901135193,75,0.16318985750943663,3.325835674098755,nan
femgo,seed_8,27,-423.2315460418893,75,0.18237044513116946,3.4530913746198895,nan
femgo,seed_8,28,-426.8480603322159,75,0.13415025459348195,2.475560089450086,nan
femgo,seed_8,29,-426.4548737794022,75,0.13939274196433113,3.0617931306308748,nan
femgo,seed_8,30,-426.9021760388865,75,0.1334287118378734,4.033491144677857,nan
femgo,seed_8,31,-417.4580840873656,75,0.25934993785815247,1.4260429564305248,nan
femgo,seed_8,32,-430.6086853220495,75,0.08400858806236708,4.247582707918147,nan
femgo,seed_8,33,-428.2082407312749,75,0.1160145159393619,4.6698994554995785,nan
femgo,seed_8,34,-429.43618840274905,75,0.09964188031970632,4.092339818690551,nan
femgo,seed_8,35,-428.40723523029465,75,0.11336125595243175,4.306550409369738,nan
femgo,seed_8,36,-430.00628772070206,75,0.09204055608033286,4.159070840992328,nan
femgo,seed_8,37,-431.59552898618983,75,0.0708506725404959,4.495117979062414,nan
femgo,seed_8,38,-429.9983798119155,75,0.09214599486415333,4.452715681009661,nan
femgo,seed_8,39,-423.6883285254864,75,0.17628001201654192,1.6597932851546755,nan
femgo,seed_8,40,-428.18838247188586,75,0.11627929273121557,2.521247870479419,nan
femgo,seed_8,41,-426.44173713409407,75,0.1395678972351061,3.799386634684497,nan
femgo,seed_8,42,-431.6029029095349,75,0.07075235356256143,4.3485466523067835,nan
femgo,seed_8,43,-431.18217241005436,75,0.07636209355563552,4.707386230720729,nan
femgo,seed_8,44,-428.18330895552305,75,0.11634693961605308,2.478394138432744,nan
femgo,seed_8,45,-431.6210217559674,75,0.070510768943462,4.263907036228471,nan
femgo,seed_8,46,-430.90069925647475,75,0.080115068936697,3.6381046633705747,nan
femgo,seed_8,47,-430.79247130257545,75,0.08155810832202103,4.237523254277033,nan
femgo,seed_8,48,-431.1043752683741,75,0.07739938877803904,4.007699432671322,nan
femgo,seed_8,49,-427.9592246172128,75,0.11933473079352325,2.2343545423755256,nan
femgo,seed_8,50,-430.4314341755587,75,0.08637193668224427,3.499785678030081,nan
femgo,seed_8,51,-429.6976842563596,75,0.09615526893823244,4.14343970144893,nan
femgo,seed_8,52,-431.2411276340385,75,0.0755760239025138,3.7032778493373737,nan
femgo,seed_8,53,-431.4756977129736,75,0.07244842285004552,4.438641114940932,nan
femgo,seed_8,54,-428.01613555285877,75,0.11857591831824342,4.289503999704662,nan
femgo,seed_8,55,-430.1971718963987,75,0.08949543373771121,3.8172509307737563,nan
femgo,seed_8,56,-430.3178294117055,75,0.08788666686695402,3.8846499697225987,nan
femgo,seed_8,57,-430.6712136642774,75,0.08317487683266184,4.4259960458033945,nan
femgo,seed_8,58,-430.2680670523537,75,0.08855016499164473,3.6573264764164843,nan
femgo,seed_8,59,-430.9655762796191,75,0.07925004196143921,4.420971319414644,nan
femgo,seed_8,60,-428.41773024510013,75,0.11322132242169194,4.229468129803983,nan
femgo,seed_8,61,-431.39830196535576,75,0.07348036615161693,4.242301611094364,nan
femgo,seed_8,62,-428.9209904454096,75,0.10651118641756586,4.0990999395125485,nan
femgo,seed_8,63,-430.9140530174176,75,0.07993701879079254,4.382128676086953,nan
femgo,seed_8,64,-431.47074249968875,75,0.0725144923605103,4.302164983906289,nan
femgo,seed_8,65,-431.87719011425423,75,0.06709519083297058,4.353495425857327,nan
femgo,seed_8,66,-432.25535927847324,75,0.062052935310050544,4.335628992007379,nan
femgo,seed_8,67,-432.7768357276322,75,0.05509991598793097,4.34046161241281,nan
femgo,seed_8,68,-430.9236161805664,75,0.07980950994880838,4.426091666626903,nan
femgo,seed_8,69,-432.2751496191207,75,0.06178906410141735,4.453943932445426,nan
femgo,seed_8,70,-431.6641227210065,75,0.06993608940960712,4.277392123173762,nan
femgo,seed_8,71,-431.67974511125345,75,0.06972779087298098,4.581844084136581,nan
femgo,seed_8,72,-430.90036059477364,75,0.0801195844260451,4.211476198352685,nan
femgo,seed_8,73,-432.5893377214912,75,0.057599889403144665,4.266699042683948,nan
femgo,seed_8,74,-431.53434036756147,75,0.07166652078887409,4.34523199781386,nan
femgo,seed_8,75,-432.1690196003446,75,0.06320413101843239,3.2252742026222645,nan
femgo,seed_8,76,-433.0497997837181,75,0.051460395240119396,4.522016229247191,nan
femgo,seed_8,77,-430.9143675076913,75,0.07993282558714326,4.2283775605127545,nan
femgo,seed_8,78,-431.4658585099287,75,0.07257961222397777,4.407140276776802,nan
femgo,seed_8,79,-431.36330322951557,75,0.07394701596281948,3.3998855644026715,nan
femgo,seed_8,80,-432.3640580736346,75,0.06060361804123204,4.606016233021705,nan
femgo,seed_8,81,-432.0612718401529,75,0.064640767820988,4.286161432201013,nan
femgo,seed_8,82,-432.19694114264973,75,0.06283184378769723,4.529093222993636,nan
femgo,seed_8,83,-432.02814388155514,75,0.06508247393562518,4.333342762216134,nan
femgo,seed_8,84,-431.90605036628926,75,0.0667103874725035,4.240560319201975,nan
femgo,seed_8,85,-431.9685057973205,75,0.06587764839208679,3.2331387926778454,nan
femgo,seed_8,86,-432.293748316179,75,0.061541081473973615,4.044704117134627,nan
femgo,seed_8,87,-432.2225036314052,75,0.06249101060429136,4.231386295051575,nan
femgo,seed_8,88,-430.7491487718031,75,0.08213574206565227,3.5469811811046768,nan
femgo,seed_8,89,-433.40086023877143,75,0.046779589172741304,4.432663554088576,nan
femgo,seed_8,90,-430.53153875008036,75,0.08503720902195558,5.4199824255829245,nan
femgo,seed_8,91,-431.39800849072094,75,0.07348427914674782,4.3054990262429875,nan
femgo,seed_8,92,-431.92077648691156,75,0.06651403919753951,4.762803926059551,nan
femgo,seed_8,93,-431.48156917980276,75,0.07237013662565688,4.146111955611257,nan
femgo,seed_8,94,-431.9000101515978,75,0.06679092366838935,4.293563962974215,nan
femgo,seed_8,95,-431.32477588957505,75,0.07446071382869301,5.483173481426345,nan
femgo,seed_8,96,-432.1220441866733,75,0.06383046986738312,4.275150591213933,nan
femgo,seed_8,97,-431.2571948541671,75,0.07536179430079908,3.9411190015063013,nan
femgo,seed_8,98,-432.5783561171814,75,0.05774631079394188,4.282912092928063,nan
femgo,seed_8,99,-432.95976402404995,75,0.05266087203569441,4.976488900951006,nan
femgo,seed_8,100,-432.76614003581045,75,0.055242525212221,4.42087899178714,nan
femgo,seed_9,10,-415.3817628158655,75,0.2870342214781537,2.156659107580163,nan
femgo,seed_9,11,-406.892725057292,75,0.4002213915924669,0.30859163661151356,nan
femgo,seed_9,12,-417.6367071469709,75,0.25696829706341534,0.022462395695651338,nan
femgo,seed_9,13,-414.59147136364186,75,0.29757144084113557,0.014370680485946252,nan
femgo,seed_9,14,-414.06926103262845,75,0.30453424525464773,0.07287995634956879,nan
femgo,seed_9,15,-417.9537297691324,75,0.25274132876792843,0.04152462414132785,nan
femgo,seed_9,16,-412.87083956442757,75,0.32051319816399276,0.18490082345871706,nan
femgo,seed_9,17,-404.4965859066384,75,0.43216991360118145,1.5112106968073125,nan
femgo,seed_9,18,-403.6957137865035,75,0.44284820853631346,0.04181774040160846,nan
femgo,seed_9,19,-413.5777332774191,75,0.31108794865743905,2.5648664392403155,nan
femgo,seed_9,20,-414.08298267919224,75,0.30435128996713046,0.07754368514992294,nan
femgo,seed_9,21,-412.29676083393014,75,0.3281675812372919,1.8531678596223138,nan
femgo,seed_9,22,-418.2486752315738,75,0.24880872260204265,0.4842546690458178,nan
femgo,seed_9,23,-417.7927358120258,75,0.2548879148626831,2.6932656857284822,nan
femgo,seed_9,24,-423.1461333971932,75,0.18350928039378459,2.6296482066200877,nan
femgo,seed_9,25,-424.1135868428572,75,0.17060990111826413,2.8153658393295498,nan
femgo,seed_9,26,-428.1619496784432,75,0.11663172997711778,3.393017786957232,nan
femgo,seed_9,27,-425.7539660238492,75,0.14873817870503747,3.3933471500079566,nan
femgo,seed_9,28,-428.2077000092859,75,0.11602172556588206,2.6303922578626953,nan
femgo,seed_9,29,-430.81858247341415,75,0.08120995937750498,2.210469947353735,nan
femgo,seed_9,30,-429.89101396635,75,0.09357753947169385,3.2301784274450256,nan
femgo,seed_9,31,-430.4456679157659,75,0.08618215347948156,2.9149095641037164,nan
femgo,seed_9,32,-428.2412770521004,75,0.11557403166168873,4.204317553895647,nan
femgo,seed_9,33,-429.46395595481823,75,0.09927164629211727,4.313458845278758,nan
femgo,seed_9,34,-430.91207976956554,75,0.0799633287621532,3.628130499951169,nan
femgo,seed_9,35,-429.2614006091074,75,0.1019723842349284,3.6850542351196562,nan
femgo,seed_9,36,-423.27075266623035,75,0.1818476901399557,5.570873045437164,nan
femgo,seed_9,37,-424.7107398625602,75,0.16264786085555746,3.747764267077997,nan
femgo,seed_9,38,-430.5316256900229,75,0.0850360498227216,3.8103605656166835,nan
femgo,seed_9,39,-427.3554796794198,75,0.12738466329743006,3.64922209664382,nan
femgo,seed_9,40,-429.7920038877315,75,0.09489767385327393,3.466079357123302,nan
femgo,seed_9,41,-430.2945222102105,75,0.08819742955355347,3.488333568714463,nan
femgo,seed_9,42,-431.6776338802945,75,0.06975594061910063,3.5477475595830636,nan
femgo,seed_9,43,-432.25607531603254,75,0.062043388142593206,3.0725580609411214,nan
femgo,seed_9,44,-431.93726670368517,75,0.06629416964055812,2.9868414089536106,nan
femgo,seed_9,45,-428.3695563009234,75,0.11386364167738142,4.255999484039515,nan
femgo,seed_9,46,-433.6985815992795,75,0.042809971032633405,2.989134021222613,nan
femgo,seed_9,47,-431.96970401783364,75,0.06586167211857856,3.0246495656397716,nan
femgo,seed_9,48,-431.49629341962117,75,0.07217381342807812,3.682518483194503,nan
femgo,seed_9,49,-430.89486282368006,75,0.08019288804062626,2.52199623761911,nan
femgo,seed_9,50,-434.3208137096466,75,0.03451354289440587,3.0577867310476723,nan
femgo,seed_9,51,-432.9964420125187,75,0.05217183218944456,2.9899970287218345,nan
femgo,seed_9,52,-431.8090267644374,75,0.06800403549719476,3.5751366923554695,nan
femgo,seed_9,53,-432.07075147377554,75,0.06451437270601976,3.531492185479239,nan
femgo,seed_9,54,-431.8589547739087,75,0.06733832870424446,3.0140600382485907,nan
femgo,seed_9,55,-430.643164298606,75,0.08354886837494709,3.028094768082852,nan
femgo,seed_9,56,-433.7474542977249,75,0.0421583350533615,3.7174596591259395,nan
femgo,seed_9,57,-432.3058042539355,75,0.06138033563722047,3.0327405579378635,nan
femgo,seed_9,58,-433.09045894606726,75,0.05091827307546358,3.106871225769545,nan
femgo,seed_9,59,-434.5388969320335,75,0.031605766595913944,3.0497962198305437,nan
femgo,seed_9,60,-433.35622587655615,75,0.04737471400227832,3.311169960711677,nan
femgo,seed_9,61,-432.0532339780108,75,0.06474793931621661,3.794843552457186,nan
femgo,seed_9,62,-433.53504397531367,75,0.04499047268551142,3.631121411404825,nan
femgo,seed_9,63,-433.3664022412317,75,0.04723902913993773,3.079952019804077,nan
femgo,seed_9,64,-431.346229037473,75,0.07417467185672043,3.260256362838428,nan
femgo,seed_9,65,-433.65899071508125,75,0.04333784948861042,3.1033708253755847,nan
femgo,seed_9,66,-434.19909665822973,75,0.036136436913297224,3.073537515635506,nan
femgo,seed_9,67,-433.23820707006746,75,0.048948298088794216,3.9655460953141137,nan
femgo,seed_9,68,-434.36316123469965,75,0.03394890922703174,3.6634370149835878,nan
femgo,seed_9,69,-435.27193078577335,75,0.02183198187938236,2.9985045155174426,nan
femgo,seed_9,70,-435.26263323865345,75,0.021955949174314357,3.0655649128945637,nan
femgo,seed_9,71,-435.67802422493077,75,0.016417402690616808,3.022674538897796,nan
femgo,seed_9,72,-433.1889131836072,75,0.04960554990826419,2.9974893852068334,nan
femgo,seed_9,73,-435.3928851821712,75,0.020219256594077705,3.2097540313285347,nan
femgo,seed_9,74,-434.5829132410946,75,0.031018882475098812,3.0733821163969335,nan
femgo,seed_9,75,-433.94051988634465,75,0.039584127205098414,3.211305749342559,nan
femgo,seed_9,76,-435.4527511462413,75,0.019421043739809345,3.1129028584091376,nan
femgo,seed_9,77,-433.85912980233013,75,0.04066932832529195,3.4494570980386055,nan
femgo,seed_9,78,-434.7978102114662,75,0.02815358953681122,3.1404920562678207,nan
femgo,seed_9,79,-434.18928460771883,75,0.036267264253442594,3.0031507243509754,nan
femgo,seed_9,80,-433.51484432431147,75,0.045259801365540774,3.2334960540645294,nan
femgo,seed_9,81,-435.48563648828537,75,0.018982572512555484,3.1261809407843266,nan
femgo,seed_9,82,-435.7839622882889,75,0.01500489517917534,3.1562754568602216,nan
femgo,seed_9,83,-434.3512321203811,75,0.03410796408461238,3.126477661636354,nan
femgo,seed_9,84,-435.68985919054427,75,0.016259603149103442,3.550058620887503,nan
femgo,seed_9,85,-435.2588676251132,75,0.022006157354850682,3.5060326945776463,nan
femgo,seed_9,86,-435.3254407664828,75,0.02111851546992284,3.0949164885809157,nan
femgo,seed_9,87,-435.1871014950888,75,0.022963039088509354,3.1327398242920843,nan
femgo,seed_9,88,-435.76435551491994,75,0.015266318824094469,3.514799209244565,nan
femgo,seed_9,89,-435.6124951823572,75,0.017291123258264634,3.1018045392009324,nan
femgo,seed_9,90,-434.4939637408493,75,0.0322048758117027,3.1954019524094264,nan
femgo,seed_9,91,-434.5129195137502,75,0.031952132173024284,3.06079956746162,nan
femgo,seed_9,92,-434.026445204455,75,0.03843845629696034,4.195507962969277,nan
femgo,seed_9,93,-434.5534744251101,75,0.03141140002155907,3.1108521019665254,nan
femgo,seed_9,94,-434.5263452679409,75,0.03177312211714858,3.4166606577591043,nan
femgo,seed_9,95,-434.1574782577611,75,0.036691348919545515,3.0214638464882206,nan
femgo,seed_9,96,-434.40513163466835,75,0.03338930389411568,3.230164623059638,nan
femgo,seed_9,97,-435.85174217449435,75,0.014101163363102387,2.9995101756800917,nan
femgo,seed_9,98,-432.16820891507984,75,0.06321494015529576,2.959618091746437,nan
femgo,seed_9,99,-436.6334897981879,75,0.0036778617138550846,3.0605896524098792,nan
femgo,seed_9,100,-436.8379955183079,75,0.0009511187789219851,3.038183335855207,nan
